gene	expression	threshold	direction	TH_id	Fay_id	count
AARSD1	3.92124588859	4.38023293018341	down	TH50_5178_S01	Sample 1	5
ABCC5	3.62993940944	3.81865274906158	down	TH50_5178_S01	Sample 1	2
AC002398.12	1.23266075679	1.71660083532333	down	TH50_5178_S01	Sample 1	3
AC005062.2	0.0840642647885	0.965881854295731	down	TH50_5178_S01	Sample 1	6
AC005154.6	2.59454854955	2.64480292797089	down	TH50_5178_S01	Sample 1	1
AC007318.5	1.748461233	2.03355076909065	down	TH50_5178_S01	Sample 1	4
AC011737.2	0.985500430305	1.2278054356575	down	TH50_5178_S01	Sample 1	6
AC016739.2	1.94860084749	2.07443207502365	down	TH50_5178_S01	Sample 1	3
AC018766.4	0	0.421236336231232	down	TH50_5178_S01	Sample 1	2
AC093838.4	1.25096157353	1.39933267235756	down	TH50_5178_S01	Sample 1	3
ACAP3	2.81557542886	2.83940094709396	down	TH50_5178_S01	Sample 1	2
ACD	1.5210507369	1.56924605369568	down	TH50_5178_S01	Sample 1	1
ACTN1	1.68706068834	1.90263485908508	down	TH50_5178_S01	Sample 1	1
ACTR3B	1.94485844581	2.10932821035385	down	TH50_5178_S01	Sample 1	2
ADAMTS1	2.30742852519	2.68818825483322	down	TH50_5178_S01	Sample 1	1
ADM	1.71369581484	1.74201390147209	down	TH50_5178_S01	Sample 1	2
ADPGK	1.36737106565	1.40731054544449	down	TH50_5178_S01	Sample 1	1
AF127577.10	0	0.120280981063843	down	TH50_5178_S01	Sample 1	6
AGAP6	1.70929063572	2.0180546939373	down	TH50_5178_S01	Sample 1	4
AHSA2	2.40871186103	2.72437185049057	down	TH50_5178_S01	Sample 1	3
AKAP17A	2.48284828307	2.71754175424576	down	TH50_5178_S01	Sample 1	2
AKAP8L	3.82883464947	3.8963475227356	down	TH50_5178_S01	Sample 1	1
AL162151.3	0	0.359001100063324	down	TH50_5178_S01	Sample 1	4
ANKZF1	2.59693514239	2.61166730523109	down	TH50_5178_S01	Sample 1	2
ANP32B	3.48542682717	3.79473775625229	down	TH50_5178_S01	Sample 1	2
AP000892.6	0.163498732283	0.206033900380135	down	TH50_5178_S01	Sample 1	1
AP003419.11	0.422233000683	1.98282274603844	down	TH50_5178_S01	Sample 1	6
AP2A2	2.68481873755	2.76006186008453	down	TH50_5178_S01	Sample 1	1
APBB3	2.13093086983	2.27214223146439	down	TH50_5178_S01	Sample 1	3
APOD	5.53356334821	6.10809457302094	down	TH50_5178_S01	Sample 1	2
ARFGAP1	3.19692173382	3.28401917219162	down	TH50_5178_S01	Sample 1	2
ARGLU1	4.04526821514	4.4685897231102	down	TH50_5178_S01	Sample 1	4
ARHGEF1	2.40053792958	2.63494247198105	down	TH50_5178_S01	Sample 1	1
ARPC4-TTLL3	0.545968369105	0.690004020929337	down	TH50_5178_S01	Sample 1	2
ATHL1	0.765534746363	1.12822636961937	down	TH50_5178_S01	Sample 1	1
ATP6V0E1	4.72846476509	4.86961674690247	down	TH50_5178_S01	Sample 1	3
ATXN10	4.53418613909	4.57635724544525	down	TH50_5178_S01	Sample 1	1
BHLHE40	3.90689059561	4.12675178050995	down	TH50_5178_S01	Sample 1	1
BRK1	5.21800615028	5.23069941997528	down	TH50_5178_S01	Sample 1	2
BTNL9	2.92979099772	2.95529770851135	down	TH50_5178_S01	Sample 1	1
C17orf89	4.49633451342	4.70038467645645	down	TH50_5178_S01	Sample 1	6
C1S	3.57893871309	3.67023313045502	down	TH50_5178_S01	Sample 1	1
C3	2.45943161864	3.30555307865143	down	TH50_5178_S01	Sample 1	1
C9orf78	3.9643986322	3.9650810956955	down	TH50_5178_S01	Sample 1	3
CACNA1H	0.731183241572	0.765082135796547	down	TH50_5178_S01	Sample 1	1
CAMTA2	4.05050169745	4.18441373109818	down	TH50_5178_S01	Sample 1	1
CARKD	3.06867081067	3.32286411523819	down	TH50_5178_S01	Sample 1	2
CBWD3	1.49057013045	1.85836511850357	down	TH50_5178_S01	Sample 1	3
CCDC124	5.01122725542	5.05176967382431	down	TH50_5178_S01	Sample 1	2
CCDC130	2.95046841415	3.121657371521	down	TH50_5178_S01	Sample 1	3
CCDC23	2.41953889151	2.55445036292076	down	TH50_5178_S01	Sample 1	1
CCDC84	2.3812833725	2.78253147006035	down	TH50_5178_S01	Sample 1	2
CCL14	1.46988597627	1.76657992601395	down	TH50_5178_S01	Sample 1	1
CCNL2	3.9909548604	4.57613003253937	down	TH50_5178_S01	Sample 1	4
CCT6P1	0.150559676575	0.241647228598595	down	TH50_5178_S01	Sample 1	1
CCZ1B	2.76977173925	3.09109902381897	down	TH50_5178_S01	Sample 1	1
CDK11A	2.27202318906	2.93702161312103	down	TH50_5178_S01	Sample 1	5
CDKN1A	1.06350294231	2.92955374717712	down	TH50_5178_S01	Sample 1	5
CENPT	2.72465027173	2.99412855505943	down	TH50_5178_S01	Sample 1	1
CEP131	0.863938450424	1.03935274481773	down	TH50_5178_S01	Sample 1	2
CFAP61	1.64616265716	1.79746636748314	down	TH50_5178_S01	Sample 1	4
CFDP1	2.16671544497	2.86242669820786	down	TH50_5178_S01	Sample 1	3
CH507-42P11.8	0.495695162624	0.787744522094727	down	TH50_5178_S01	Sample 1	2
CHKA	1.84799690655	1.91065734624863	down	TH50_5178_S01	Sample 1	2
CHMP2A	5.14282184412	5.28970021009445	down	TH50_5178_S01	Sample 1	1
CHMP4A	2.69599381311	2.86025813221931	down	TH50_5178_S01	Sample 1	5
CHMP4B	5.49217365961	5.57473945617676	down	TH50_5178_S01	Sample 1	3
CIRBP	6.39266088071	6.40100848674774	down	TH50_5178_S01	Sample 1	1
CLASRP	3.70154905694	3.78081464767456	down	TH50_5178_S01	Sample 1	4
COMMD4	2.95791459863	3.12546873092651	down	TH50_5178_S01	Sample 1	2
CPNE1	4.13996056955	4.16150116920471	down	TH50_5178_S01	Sample 1	3
CPSF7	3.72900887034	3.80613112449646	down	TH50_5178_S01	Sample 1	2
CRELD2	1.94110631095	2.15154126286507	down	TH50_5178_S01	Sample 1	2
CRTC2	2.58736499094	2.6193745136261	down	TH50_5178_S01	Sample 1	1
CSAD	2.00360223668	2.33753934502602	down	TH50_5178_S01	Sample 1	3
CSNK2B	5.63284983012	5.64015102386475	down	TH50_5178_S01	Sample 1	1
CSNK2B-LY6G5B-1181	0	0.207409545779228	down	TH50_5178_S01	Sample 1	3
CSRNP1	1.94860084749	1.98361778259277	down	TH50_5178_S01	Sample 1	1
CSTB	2.29278174923	2.89360490441322	down	TH50_5178_S01	Sample 1	5
CTC-564N23.2	0	0.136643931269646	down	TH50_5178_S01	Sample 1	6
CTD-3252C9.4	1.51096191928	1.68009215593338	down	TH50_5178_S01	Sample 1	1
CXXC1	2.7949356628	3.07486712932587	down	TH50_5178_S01	Sample 1	3
CYTH1	3.224966365	3.32681423425674	down	TH50_5178_S01	Sample 1	1
DCTN2	5.20750245926	5.26320284605026	down	TH50_5178_S01	Sample 1	1
DDA1	3.62527048937	3.63061255216599	down	TH50_5178_S01	Sample 1	2
DDX11	0.963474123975	1.04142484068871	down	TH50_5178_S01	Sample 1	1
DDX24	4.77452352959	4.88962030410767	down	TH50_5178_S01	Sample 1	2
DDX27	2.05658352837	2.0992129445076	down	TH50_5178_S01	Sample 1	1
DGAT1	3.86690797814	3.90322124958038	down	TH50_5178_S01	Sample 1	2
DGKA	0.432959407276	0.705820381641388	down	TH50_5178_S01	Sample 1	1
DHPS	4.65076455912	4.75132888555527	down	TH50_5178_S01	Sample 1	1
DIO3OS	0.66902676551	1.16082781553268	down	TH50_5178_S01	Sample 1	2
DPH7	2.57288966842	2.6646586060524	down	TH50_5178_S01	Sample 1	3
EEF1B2	7.6049608695	7.87876200675964	down	TH50_5178_S01	Sample 1	4
EIF4BP6	0.918386234446	1.0362152159214	down	TH50_5178_S01	Sample 1	1
EMD	4.75274859141	4.9713522195816	down	TH50_5178_S01	Sample 1	1
EML3	1.64154602909	1.73704785108566	down	TH50_5178_S01	Sample 1	1
ENO2	0.333423733725	0.46542501449585	down	TH50_5178_S01	Sample 1	1
EP400NL	0.956056652412	1.01689469814301	down	TH50_5178_S01	Sample 1	1
ERVK3-1	3.01435529298	3.12331253290176	down	TH50_5178_S01	Sample 1	1
EVA1C	1.40599235968	1.77267119288445	down	TH50_5178_S01	Sample 1	3
FABP5P7	0.956056652412	2.27714458107948	down	TH50_5178_S01	Sample 1	6
FAM127B	2.32768736418	2.74169299006462	down	TH50_5178_S01	Sample 1	2
FAM160B2	3.50969584193	3.61235386133194	down	TH50_5178_S01	Sample 1	1
FAM50A	4.02945288579	4.25234121084213	down	TH50_5178_S01	Sample 1	3
FAM65C	0.992768430769	1.24021348357201	down	TH50_5178_S01	Sample 1	1
FBXL6	0.933572638261	1.07859021425247	down	TH50_5178_S01	Sample 1	1
FKBP2	2.29865831556	2.58123514056206	down	TH50_5178_S01	Sample 1	2
FSTL3	1.05658352837	1.07574492692947	down	TH50_5178_S01	Sample 1	1
GABBR1	1.16992500144	1.33586785197258	down	TH50_5178_S01	Sample 1	1
GADD45GIP1	3.79908730607	4.11067616939545	down	TH50_5178_S01	Sample 1	6
GAK	2.76553474636	2.77611637115479	down	TH50_5178_S01	Sample 1	1
GBA2	4.06004738367	4.29708397388458	down	TH50_5178_S01	Sample 1	4
GCSHP5	2.36176835942	3.49782395362854	down	TH50_5178_S01	Sample 1	6
GDI1	3.93451650159	4.29442632198334	down	TH50_5178_S01	Sample 1	4
GET4	3.38543103719	3.70355671644211	down	TH50_5178_S01	Sample 1	1
GJA4	2.22032995488	2.50562700629234	down	TH50_5178_S01	Sample 1	1
GOLGA6L5P	0.978195629682	1.17692169547081	down	TH50_5178_S01	Sample 1	4
GOLGA8B	1.31034012061	1.75646322965622	down	TH50_5178_S01	Sample 1	3
GORASP1	2.97636363573	3.0572282075882	down	TH50_5178_S01	Sample 1	1
GPX3	5.45614903465	5.68126446008682	down	TH50_5178_S01	Sample 1	5
GRASP	1.65076455912	1.88351944088936	down	TH50_5178_S01	Sample 1	2
GRINA	4.8068395818	4.94632542133331	down	TH50_5178_S01	Sample 1	4
GRIPAP1	2.21412480535	2.62867936491966	down	TH50_5178_S01	Sample 1	4
GUSB	2.03913839391	2.2941227555275	down	TH50_5178_S01	Sample 1	1
GUSBP11	1.13093086983	1.54047912359238	down	TH50_5178_S01	Sample 1	1
H1FX-AS1	0.0840642647885	0.157395973801613	down	TH50_5178_S01	Sample 1	1
H3F3AP4	4.90400231628	5.03369641304016	down	TH50_5178_S01	Sample 1	2
HABP4	1.53605290024	1.56609061360359	down	TH50_5178_S01	Sample 1	1
HBA2	0	1.60830336809158	down	TH50_5178_S01	Sample 1	6
HCLS1	0.748461233004	0.89920648932457	down	TH50_5178_S01	Sample 1	1
HDAC10	2.07724299893	2.13748282194138	down	TH50_5178_S01	Sample 1	3
HDAC3	3.60288440872	3.65321457386017	down	TH50_5178_S01	Sample 1	1
HERC2P9	2.37851162325	2.57787311077118	down	TH50_5178_S01	Sample 1	1
HERC3	3.59335377098	3.70096796751022	down	TH50_5178_S01	Sample 1	4
HNRNPA2B1	7.68509917201	7.95881187915802	down	TH50_5178_S01	Sample 1	6
HNRNPM	4.57167680997	5.10381555557251	down	TH50_5178_S01	Sample 1	5
HNRNPU-AS1	1.96716860753	2.08688712120056	down	TH50_5178_S01	Sample 1	2
HOXC-AS1	0.124328135002	1.60611009597778	down	TH50_5178_S01	Sample 1	1
HOXC-AS2	0	0.0967099070549011	down	TH50_5178_S01	Sample 1	1
HOXC10	0.13750352375	4.3253852725029	down	TH50_5178_S01	Sample 1	1
HOXC4	0.0565835283664	0.595406055450439	down	TH50_5178_S01	Sample 1	1
HOXC6	0.713695814843	1.96870711445808	down	TH50_5178_S01	Sample 1	1
HOXC8	0.321928094887	1.92787650227547	down	TH50_5178_S01	Sample 1	2
HOXC9	0.214124805353	3.06238037347794	down	TH50_5178_S01	Sample 1	2
HSPE1-MOB4	0	0.511609703302383	down	TH50_5178_S01	Sample 1	2
IFITM2	3.57893871309	4.16010844707489	down	TH50_5178_S01	Sample 1	1
IK	4.21800615028	4.49625223875046	down	TH50_5178_S01	Sample 1	3
ILK	4.53356334821	4.55338209867477	down	TH50_5178_S01	Sample 1	1
ILKAP	3.3476656563	3.43692845106125	down	TH50_5178_S01	Sample 1	3
IMPDH2	4.86294724802	4.90649509429932	down	TH50_5178_S01	Sample 1	1
INO80B-WBP1	0	1.21442037820816	down	TH50_5178_S01	Sample 1	6
ISCA1P1	1.10433665981	2.36847543716431	down	TH50_5178_S01	Sample 1	6
ISYNA1	1.54101915313	1.66552293300629	down	TH50_5178_S01	Sample 1	1
KAT2A	2.90689059561	3.05884540081024	down	TH50_5178_S01	Sample 1	3
KCTD13	1.10433665981	1.10601517558098	down	TH50_5178_S01	Sample 1	1
KIAA0141	4.01613970266	4.45255893468857	down	TH50_5178_S01	Sample 1	3
LAMA5	2.44625622989	2.89640218019485	down	TH50_5178_S01	Sample 1	3
LAMTOR4	4.77505054148	4.85381782054901	down	TH50_5178_S01	Sample 1	2
LARP6	1.44360665148	1.53828227519989	down	TH50_5178_S01	Sample 1	1
LAS1L	2.124328135	2.39753478765488	down	TH50_5178_S01	Sample 1	3
LEMD2	2.48542682717	2.68024808168411	down	TH50_5178_S01	Sample 1	1
LENG8	3.39506279952	4.04872095584869	down	TH50_5178_S01	Sample 1	2
LGI4	1.98913900737	2.12430265545845	down	TH50_5178_S01	Sample 1	2
LIMS2	2.84398384405	2.92050892114639	down	TH50_5178_S01	Sample 1	1
LLPH	2.50589092973	2.52535447478294	down	TH50_5178_S01	Sample 1	1
LMBR1L	2.68706068834	2.69692122936249	down	TH50_5178_S01	Sample 1	1
LMF2	2.55826763406	2.62371787428856	down	TH50_5178_S01	Sample 1	1
LSM6	2.15704371015	2.43162137269974	down	TH50_5178_S01	Sample 1	1
LUC7L3	4.27202318906	4.93976300954819	down	TH50_5178_S01	Sample 1	4
LY6G5B	0.748461233004	1.34122800827026	down	TH50_5178_S01	Sample 1	4
LYPLA2	3.08915913191	3.17345458269119	down	TH50_5178_S01	Sample 1	1
MAD2L2	3.05137210172	3.24746376276016	down	TH50_5178_S01	Sample 1	3
MAFF	0.333423733725	0.730259746313095	down	TH50_5178_S01	Sample 1	1
MAGOH	3.0071955014	3.06499314308167	down	TH50_5178_S01	Sample 1	1
MAN2C1	4.40122086216	4.68923956155777	down	TH50_5178_S01	Sample 1	2
MANF	1.72683121703	1.73780599236488	down	TH50_5178_S01	Sample 1	1
MAP3K6	1.20163386117	1.67538374662399	down	TH50_5178_S01	Sample 1	1
MAPK8IP3	2.61588707392	3.06568604707718	down	TH50_5178_S01	Sample 1	3
MFGE8	4.88410945136	5.20970290899277	down	TH50_5178_S01	Sample 1	1
MGP	3.39917109382	3.56825745105743	down	TH50_5178_S01	Sample 1	1
MGST1	0.704871964456	0.745299339294434	down	TH50_5178_S01	Sample 1	2
MLPH	0.367371065649	0.481629505753517	down	TH50_5178_S01	Sample 1	1
MORN4	0.650764559117	0.701742798089981	down	TH50_5178_S01	Sample 1	1
MRFAP1L1	3.45680614923	3.48781681060791	down	TH50_5178_S01	Sample 1	1
MRPL20	5.39266088071	5.90636897087097	down	TH50_5178_S01	Sample 1	6
MRPL52	4.42021289061	4.94794297218323	down	TH50_5178_S01	Sample 1	4
MSTO1	1.54101915313	1.57805636525154	down	TH50_5178_S01	Sample 1	1
MT-ATP6	12.0200458421	14.3011739253998	down	TH50_5178_S01	Sample 1	6
MT-ATP8	11.2103365023	14.7105716466904	down	TH50_5178_S01	Sample 1	6
MT-CO2	13.0730520041	13.6593023538589	down	TH50_5178_S01	Sample 1	5
MT-CYB	12.6991494726	13.363657951355	down	TH50_5178_S01	Sample 1	5
MT-ND1	11.815819561	13.1162256002426	down	TH50_5178_S01	Sample 1	6
MT-ND2	11.1650137425	13.1055195331573	down	TH50_5178_S01	Sample 1	6
MT-ND3	12.3465192735	12.9562729597092	down	TH50_5178_S01	Sample 1	5
MT-ND4	12.1825278151	13.7378146648407	down	TH50_5178_S01	Sample 1	6
MT-ND4L	12.2136389022	13.0304819345474	down	TH50_5178_S01	Sample 1	5
MT-ND6	10.5288154718	10.5357081890106	down	TH50_5178_S01	Sample 1	3
MT-RNR1	7.10297300424	9.75198471546173	down	TH50_5178_S01	Sample 1	6
MT-RNR2	7.19869058567	11.9540433883667	down	TH50_5178_S01	Sample 1	6
MTATP6P1	8.85031187622	11.2067506313324	down	TH50_5178_S01	Sample 1	6
MTCP1	1.62293035092	2.58595159649849	down	TH50_5178_S01	Sample 1	6
MTMR11	0.226508529809	0.241181865334511	down	TH50_5178_S01	Sample 1	1
MYO15B	2.82578562746	2.95660638809204	down	TH50_5178_S01	Sample 1	2
MYO9B	1.7782085764	1.78433814644814	down	TH50_5178_S01	Sample 1	1
NAA10	4.84046323387	5.02557170391083	down	TH50_5178_S01	Sample 1	1
NACA	7.24574283475	7.47406876087189	down	TH50_5178_S01	Sample 1	3
NARF	4.07980475464	4.18123590946198	down	TH50_5178_S01	Sample 1	3
NASP	2.67129337248	3.12612390518188	down	TH50_5178_S01	Sample 1	2
NAT9	1.97085365434	2.19252410531044	down	TH50_5178_S01	Sample 1	2
NBEAL2	1.55090066465	1.56801256537437	down	TH50_5178_S01	Sample 1	1
NDST2	1.33913738492	1.62225392460823	down	TH50_5178_S01	Sample 1	2
NDUFAF2	3.67129337248	4.24190670251846	down	TH50_5178_S01	Sample 1	6
NDUFS5	7.11977116195	7.74846255779266	down	TH50_5178_S01	Sample 1	6
NELFCD	3.57046293103	3.63036680221558	down	TH50_5178_S01	Sample 1	1
NGDN	3.15866017535	3.30056977272034	down	TH50_5178_S01	Sample 1	1
NISCH	2.77399632511	3.01199024915695	down	TH50_5178_S01	Sample 1	2
NLRP1	1.23266075679	1.2804271876812	down	TH50_5178_S01	Sample 1	1
NPIPA1	4.04351949366	4.25004506111145	down	TH50_5178_S01	Sample 1	4
NPIPA5	5.24031432933	5.25465369224548	down	TH50_5178_S01	Sample 1	2
NPIPP1	2.37851162325	3.28550291061401	down	TH50_5178_S01	Sample 1	2
NSA2	4.06350294231	4.41267538070679	down	TH50_5178_S01	Sample 1	2
NSUN5P1	2.03913839391	2.09311443567276	down	TH50_5178_S01	Sample 1	1
NUDC	4.33913738492	4.41889292001724	down	TH50_5178_S01	Sample 1	2
NUDCD2	1.9107326619	1.91111314296722	down	TH50_5178_S01	Sample 1	1
NUDT1	1.68257329735	2.00652471184731	down	TH50_5178_S01	Sample 1	1
NXF1	3.29130885983	3.693479180336	down	TH50_5178_S01	Sample 1	3
PAF1	3.61353165292	3.77159130573273	down	TH50_5178_S01	Sample 1	1
PAN2	2.9221978484	3.05763173103333	down	TH50_5178_S01	Sample 1	2
PDAP1	5.94110631095	6.1835116147995	down	TH50_5178_S01	Sample 1	6
PDCD5	5.27947129564	5.5819456577301	down	TH50_5178_S01	Sample 1	6
PDXDC2P	1.29278174923	1.31689962744713	down	TH50_5178_S01	Sample 1	1
PEF1	2.52356195606	2.58756428956985	down	TH50_5178_S01	Sample 1	1
PFDN2	4.50969584193	4.95587128400803	down	TH50_5178_S01	Sample 1	6
PI4KAP2	1.66902676551	1.82340186834335	down	TH50_5178_S01	Sample 1	3
PIDD1	1.72683121703	1.88563871383667	down	TH50_5178_S01	Sample 1	2
PIGG	2.29278174923	2.32407739758492	down	TH50_5178_S01	Sample 1	1
PKD1P6	3.84699468697	4.02189213037491	down	TH50_5178_S01	Sample 1	1
PKDCC	5.06608919046	5.32531541585922	down	TH50_5178_S01	Sample 1	4
PMM1	1.69599381311	1.72280684113503	down	TH50_5178_S01	Sample 1	1
PNN	2.28392177231	3.3525927066803	down	TH50_5178_S01	Sample 1	6
POLE	1.72246602447	1.75367203354836	down	TH50_5178_S01	Sample 1	1
POLR2J	5.06177619759	5.45097988843918	down	TH50_5178_S01	Sample 1	6
POLR2J3	3.86096279786	3.95657795667648	down	TH50_5178_S01	Sample 1	1
POMT1	3.13750352375	3.36628800630569	down	TH50_5178_S01	Sample 1	5
PPP1R12C	3.08236196956	3.3813738822937	down	TH50_5178_S01	Sample 1	2
PRAF2	1.35049724708	1.46109837293625	down	TH50_5178_S01	Sample 1	1
PSMD13	5.16631374789	5.23476141691208	down	TH50_5178_S01	Sample 1	1
PSPC1	3.19061486021	3.22173017263412	down	TH50_5178_S01	Sample 1	1
RAPGEFL1	0.918386234446	1.34015020728111	down	TH50_5178_S01	Sample 1	3
RASSF1	1.86789646399	2.61517384648323	down	TH50_5178_S01	Sample 1	3
RBM28	2.65764000521	2.96510329842567	down	TH50_5178_S01	Sample 1	2
RBM5	4.17552460109	4.5163978934288	down	TH50_5178_S01	Sample 1	1
RBM6	3.30451104181	3.66922384500504	down	TH50_5178_S01	Sample 1	2
RBPMS	1.80322703643	2.38502809405327	down	TH50_5178_S01	Sample 1	1
RHBDF1	2.48026512205	2.74183619022369	down	TH50_5178_S01	Sample 1	3
RHOT2	3.78031009904	4.22767472267151	down	TH50_5178_S01	Sample 1	4
RNA5SP216	0	1.29469537734985	down	TH50_5178_S01	Sample 1	6
RSRC2	4.16832111574	4.26613706350327	down	TH50_5178_S01	Sample 1	2
RSRP1	2.95977015521	3.29902642965317	down	TH50_5178_S01	Sample 1	3
RTEL1	0.815575428863	1.05547308921814	down	TH50_5178_S01	Sample 1	1
SAFB	3.57410150809	4.00374799966812	down	TH50_5178_S01	Sample 1	2
SAFB2	3.30597052098	3.33646810054779	down	TH50_5178_S01	Sample 1	1
SARNP	4.22032995488	4.54013985395432	down	TH50_5178_S01	Sample 1	4
SAT1	2.84197311893	3.18047040700912	down	TH50_5178_S01	Sample 1	3
SDCCAG3	2.91647664444	2.94870460033417	down	TH50_5178_S01	Sample 1	3
SEC11C	1.76553474636	1.81472209095955	down	TH50_5178_S01	Sample 1	1
SELM	2.54349588343	2.66590386629105	down	TH50_5178_S01	Sample 1	1
SERPING1	3.74738739965	3.96532207727432	down	TH50_5178_S01	Sample 1	1
SFPQ	4.748461233	5.06192123889923	down	TH50_5178_S01	Sample 1	3
SH3BGRL3	2.07382023329	2.44196581840515	down	TH50_5178_S01	Sample 1	2
SH3BP5-AS1	1	1.65267986059189	down	TH50_5178_S01	Sample 1	2
SHC2	0.948600847493	0.950322926044464	down	TH50_5178_S01	Sample 1	1
SHFM1	3.34908214639	5.57123708724976	down	TH50_5178_S01	Sample 1	6
SLC25A27	1.89530262133	1.90598213672638	down	TH50_5178_S01	Sample 1	1
SLCO4A1	0.565597175854	1.40261840820312	down	TH50_5178_S01	Sample 1	4
SLX1A	1.53605290024	1.81014040112495	down	TH50_5178_S01	Sample 1	1
SMIM3	0.963474123975	1.17755571007729	down	TH50_5178_S01	Sample 1	1
SNHG6	5.55397480824	6.25404191017151	down	TH50_5178_S01	Sample 1	6
SNN	3.08915913191	3.57621598243713	down	TH50_5178_S01	Sample 1	4
SNRNP35	3.97085365434	4.07291668653488	down	TH50_5178_S01	Sample 1	2
SNRNP70	5.48703608003	5.7696025967598	down	TH50_5178_S01	Sample 1	4
SNRPE	4.00270252038	4.04843777418137	down	TH50_5178_S01	Sample 1	5
SNRPF	2.12101540096	2.34266364574432	down	TH50_5178_S01	Sample 1	4
SPCS2P4	1.19534759832	1.55860850214958	down	TH50_5178_S01	Sample 1	6
SRP19	2.6530600171	3.91175419092178	down	TH50_5178_S01	Sample 1	6
SRRM2	6.78659636189	7.1804541349411	down	TH50_5178_S01	Sample 1	3
SRSF11	4.28835856219	4.791339635849	down	TH50_5178_S01	Sample 1	4
SRSF3	4.89093302171	5.00891947746277	down	TH50_5178_S01	Sample 1	2
SRSF5	5.51349074559	6.20713806152344	down	TH50_5178_S01	Sample 1	4
SRSF9	3.28835856219	3.38616454601288	down	TH50_5178_S01	Sample 1	2
SSB	3.65191274465	3.68129825592041	down	TH50_5178_S01	Sample 1	2
SSR4	4.55213110825	4.67280930280685	down	TH50_5178_S01	Sample 1	1
SSSCA1	3.95046841415	4.21805787086487	down	TH50_5178_S01	Sample 1	6
ST13P15	0	0.0191154181957245	down	TH50_5178_S01	Sample 1	1
STAB1	1.13750352375	1.78311711549759	down	TH50_5178_S01	Sample 1	1
STAG3L5P-PVRIG2P-PILRB	2.67129337248	3.07582837343216	down	TH50_5178_S01	Sample 1	3
STXBP2	0.111031312389	0.162688940763474	down	TH50_5178_S01	Sample 1	1
TAF1C	2.29572302454	2.58607810735703	down	TH50_5178_S01	Sample 1	2
TAGLN	3.19692173382	4.27035224437714	down	TH50_5178_S01	Sample 1	2
TBX1	2.09085343045	2.38209170103073	down	TH50_5178_S01	Sample 1	1
TCEAL3	1.19534759832	1.8787813782692	down	TH50_5178_S01	Sample 1	4
TCEAL4	3.79285535236	4.13967382907867	down	TH50_5178_S01	Sample 1	5
TCIRG1	1.86789646399	2.14778843522072	down	TH50_5178_S01	Sample 1	1
TIMM44	4.60584986719	4.80256152153015	down	TH50_5178_S01	Sample 1	4
TMEM138	1.70043971814	1.70575398206711	down	TH50_5178_S01	Sample 1	1
TMEM18	2.38956681176	2.58819654583931	down	TH50_5178_S01	Sample 1	3
TMEM259	4.90400231628	4.95282697677612	down	TH50_5178_S01	Sample 1	1
TMEM265	0.910732661903	0.927516639232635	down	TH50_5178_S01	Sample 1	4
TMEM9	2.09423606985	2.43625950813293	down	TH50_5178_S01	Sample 1	1
TNS2	3.87381319836	4.24570965766907	down	TH50_5178_S01	Sample 1	1
TOMM7	7.75769001873	7.99256181716919	down	TH50_5178_S01	Sample 1	6
TSPYL2	2.34198574723	2.69625061750412	down	TH50_5178_S01	Sample 1	3
TTLL3	1.75274859141	1.76518228650093	down	TH50_5178_S01	Sample 1	1
TTN-AS1	6.41447383643	9.88646411895752	down	TH50_5178_S01	Sample 1	6
TXNDC11	2.93545974781	3.22514915466309	down	TH50_5178_S01	Sample 1	2
U2AF1	1.81147103053	3.34787273406982	down	TH50_5178_S01	Sample 1	6
U2AF1L4	3.10601323762	3.22675108909607	down	TH50_5178_S01	Sample 1	3
UPF3A	3.48026512205	3.59792333841324	down	TH50_5178_S01	Sample 1	3
UPP1	1.7398481027	1.78958508372307	down	TH50_5178_S01	Sample 1	3
UQCRHL	0.722466024471	1.18806540966034	down	TH50_5178_S01	Sample 1	6
USP54	4.08831123589	4.41722667217255	down	TH50_5178_S01	Sample 1	2
UTP6	2.63691458036	2.83889693021774	down	TH50_5178_S01	Sample 1	2
WASH3P	2.98002530024	3.0234797000885	down	TH50_5178_S01	Sample 1	1
WASH5P	2.48800077083	2.54208934307098	down	TH50_5178_S01	Sample 1	1
WDR6	3.66220549965	3.81549447774887	down	TH50_5178_S01	Sample 1	1
WDR83	0.948600847493	1.07155275344849	down	TH50_5178_S01	Sample 1	1
XPO6	2.67807190511	2.73605787754059	down	TH50_5178_S01	Sample 1	1
XXbac-B461K10.4	0.411426245726	0.493330076336861	down	TH50_5178_S01	Sample 1	5
YBX1	8.5483210195	8.70622515678406	down	TH50_5178_S01	Sample 1	2
ZMAT2	4.32048467802	4.88675343990326	down	TH50_5178_S01	Sample 1	6
ZRSR2	1.45417589319	1.9229719042778	down	TH50_5178_S01	Sample 1	5
ZYX	4.14893410453	4.29843562841415	down	TH50_5178_S01	Sample 1	1
AC002398.12	1.40053792958	1.71660083532333	down	TH50_5179_S01	Sample 2	3
AC005062.2	0.0840642647885	0.965881854295731	down	TH50_5179_S01	Sample 2	6
AC011737.2	0	1.2278054356575	down	TH50_5179_S01	Sample 2	6
AC016739.2	1.7949356628	2.07443207502365	down	TH50_5179_S01	Sample 2	3
AF127577.10	0	0.120280981063843	down	TH50_5179_S01	Sample 2	6
AL162151.3	0	0.359001100063324	down	TH50_5179_S01	Sample 2	4
AP003419.11	0	1.98282274603844	down	TH50_5179_S01	Sample 2	6
APOD	5.86740230573	6.10809457302094	down	TH50_5179_S01	Sample 2	2
ATP5E	4.63459326845	4.63894617557526	down	TH50_5179_S01	Sample 2	5
BTF3L4P2	2.45417589319	2.66504913568497	down	TH50_5179_S01	Sample 2	1
C17orf89	4.61470984412	4.70038467645645	down	TH50_5179_S01	Sample 2	6
CDK11A	2.80941444424	2.93702161312103	down	TH50_5179_S01	Sample 2	5
CDKN1A	1.11103131239	2.92955374717712	down	TH50_5179_S01	Sample 2	5
CHMP4A	2.71589337055	2.86025813221931	down	TH50_5179_S01	Sample 2	5
CSTB	2.84398384405	2.89360490441322	down	TH50_5179_S01	Sample 2	5
CTA-29F11.1	1.85996954822	2.16665643453598	down	TH50_5179_S01	Sample 2	1
CTB-79E8.3	0	0.518216550350189	down	TH50_5179_S01	Sample 2	3
CTC-435M10.3	3.21723071622	3.2349933385849	down	TH50_5179_S01	Sample 2	1
CTC-564N23.2	0	0.136643931269646	down	TH50_5179_S01	Sample 2	6
FABP5P7	1.16349873228	2.27714458107948	down	TH50_5179_S01	Sample 2	6
GADD45GIP1	3.84096670449	4.11067616939545	down	TH50_5179_S01	Sample 2	6
GCSHP5	3.20945336563	3.49782395362854	down	TH50_5179_S01	Sample 2	6
GPX3	5.017921908	5.68126446008682	down	TH50_5179_S01	Sample 2	5
H3F3AP4	4.31469652566	5.03369641304016	down	TH50_5179_S01	Sample 2	2
HBA2	0.495695162624	1.60830336809158	down	TH50_5179_S01	Sample 2	6
HBB	0.250961573533	1.42165213823318	down	TH50_5179_S01	Sample 2	5
HMGB1P5	3.3476656563	3.42195826768875	down	TH50_5179_S01	Sample 2	2
HMGN5	0.53605290024	0.586973294615746	down	TH50_5179_S01	Sample 2	3
HNRNPA2B1	7.72424097719	7.95881187915802	down	TH50_5179_S01	Sample 2	6
HNRNPUL2-BSCL2	0.59454854955	1.63497757911682	down	TH50_5179_S01	Sample 2	5
HSPE1-MOB4	0	0.511609703302383	down	TH50_5179_S01	Sample 2	2
INO80B-WBP1	0	1.21442037820816	down	TH50_5179_S01	Sample 2	6
ISCA1P1	2.36737106565	2.36847543716431	down	TH50_5179_S01	Sample 2	6
ISY1	2.78868571061	2.94593301415443	down	TH50_5179_S01	Sample 2	1
MRFAP1	6.43011797489	6.4520211815834	down	TH50_5179_S01	Sample 2	4
MRPL20	5.6182386556	5.90636897087097	down	TH50_5179_S01	Sample 2	6
MRPL33	6.75181181986	6.98584306240082	down	TH50_5179_S01	Sample 2	4
MRPL52	4.70653055254	4.94794297218323	down	TH50_5179_S01	Sample 2	4
MT-ATP6	11.7362370183	14.3011739253998	down	TH50_5179_S01	Sample 2	6
MT-ATP8	11.3108115645	14.7105716466904	down	TH50_5179_S01	Sample 2	6
MT-CO2	12.5228242484	13.6593023538589	down	TH50_5179_S01	Sample 2	5
MT-CO3	13.714954883	13.8912327289581	down	TH50_5179_S01	Sample 2	2
MT-CYB	12.595005664	13.363657951355	down	TH50_5179_S01	Sample 2	5
MT-ND1	11.8782732025	13.1162256002426	down	TH50_5179_S01	Sample 2	6
MT-ND2	11.6093773029	13.1055195331573	down	TH50_5179_S01	Sample 2	6
MT-ND3	12.2733497865	12.9562729597092	down	TH50_5179_S01	Sample 2	5
MT-ND4	11.7479160269	13.7378146648407	down	TH50_5179_S01	Sample 2	6
MT-ND4L	12.8264273308	13.0304819345474	down	TH50_5179_S01	Sample 2	5
MT-RNR1	7.04439411936	9.75198471546173	down	TH50_5179_S01	Sample 2	6
MT-RNR2	6.73525137579	11.9540433883667	down	TH50_5179_S01	Sample 2	6
MTATP6P1	8.64990281989	11.2067506313324	down	TH50_5179_S01	Sample 2	6
MTCP1	2.51096191928	2.58595159649849	down	TH50_5179_S01	Sample 2	6
NDUFAF2	3.90881290774	4.24190670251846	down	TH50_5179_S01	Sample 2	6
NDUFS5	7.00652244562	7.74846255779266	down	TH50_5179_S01	Sample 2	6
NME2	0	0.119028404355049	down	TH50_5179_S01	Sample 2	1
NSA2	4.40258575823	4.41267538070679	down	TH50_5179_S01	Sample 2	2
PDAP1	5.88288755322	6.1835116147995	down	TH50_5179_S01	Sample 2	6
PDCD5	5.52638186256	5.5819456577301	down	TH50_5179_S01	Sample 2	6
PFDN2	4.52042224853	4.95587128400803	down	TH50_5179_S01	Sample 2	6
PNN	3.31903981556	3.3525927066803	down	TH50_5179_S01	Sample 2	6
PNPLA2	5.8034853756	5.85948294401169	down	TH50_5179_S01	Sample 2	3
POLR2J	5.21567859661	5.45097988843918	down	TH50_5179_S01	Sample 2	6
PRR34-AS1	3.1456774552	3.60167413949966	down	TH50_5179_S01	Sample 2	5
PSMC1P5	2.28688114779	3.78209692239761	down	TH50_5179_S01	Sample 2	2
RNA5SP216	0	1.29469537734985	down	TH50_5179_S01	Sample 2	6
S100A9	0.50589092973	0.837801486253738	down	TH50_5179_S01	Sample 2	2
SHFM1	3.52857131887	5.57123708724976	down	TH50_5179_S01	Sample 2	6
SNHG6	5.75381844317	6.25404191017151	down	TH50_5179_S01	Sample 2	6
SNRPE	3.96809075205	4.04843777418137	down	TH50_5179_S01	Sample 2	5
SPCS2P4	0.286881147788	1.55860850214958	down	TH50_5179_S01	Sample 2	6
SRP19	3.53729606709	3.91175419092178	down	TH50_5179_S01	Sample 2	6
SSSCA1	3.83794324189	4.21805787086487	down	TH50_5179_S01	Sample 2	6
ST13	6.49425558654	6.50576603412628	down	TH50_5179_S01	Sample 2	1
TCEAL3	1.70043971814	1.8787813782692	down	TH50_5179_S01	Sample 2	4
TCEAL4	4.09254574154	4.13967382907867	down	TH50_5179_S01	Sample 2	5
TMEM18	2.58496250072	2.58819654583931	down	TH50_5179_S01	Sample 2	3
TMEM265	0.855989697308	0.927516639232635	down	TH50_5179_S01	Sample 2	4
TOMM7	7.61389994104	7.99256181716919	down	TH50_5179_S01	Sample 2	6
TSPYL2	2.44890095115	2.69625061750412	down	TH50_5179_S01	Sample 2	3
TTN-AS1	8.19115794135	9.88646411895752	down	TH50_5179_S01	Sample 2	6
U2AF1	2.08746284125	3.34787273406982	down	TH50_5179_S01	Sample 2	6
UBL5	6.87700799321	6.91627645492554	down	TH50_5179_S01	Sample 2	3
UQCRHL	0.748461233004	1.18806540966034	down	TH50_5179_S01	Sample 2	6
YBX1	8.63615331152	8.70622515678406	down	TH50_5179_S01	Sample 2	2
ZMAT2	4.58736499094	4.88675343990326	down	TH50_5179_S01	Sample 2	6
AARSD1	3.97636363573	4.38023293018341	down	TH50_5280_S01	Sample 3	5
AC005062.2	0.411426245726	0.965881854295731	down	TH50_5280_S01	Sample 3	6
AC007318.5	1.64616265716	2.03355076909065	down	TH50_5280_S01	Sample 3	4
AC011737.2	0.941106310946	1.2278054356575	down	TH50_5280_S01	Sample 3	6
AF127577.10	0	0.120280981063843	down	TH50_5280_S01	Sample 3	6
AP003419.11	0	1.98282274603844	down	TH50_5280_S01	Sample 3	6
ART3	4.03121873061	4.6547115445137	down	TH50_5280_S01	Sample 3	1
ASB2	5.75328361646	5.97502827644348	down	TH50_5280_S01	Sample 3	1
ATP2A1	5.98230913013	6.55305635929108	down	TH50_5280_S01	Sample 3	1
ATP5E	4.38335869539	4.63894617557526	down	TH50_5280_S01	Sample 3	5
C17orf89	4.08151006812	4.70038467645645	down	TH50_5280_S01	Sample 3	6
CBWD3	1.49057013045	1.85836511850357	down	TH50_5280_S01	Sample 3	3
CDKL3	0.790772037862	0.813843339681625	down	TH50_5280_S01	Sample 3	1
CHCHD10	7.89645350649	7.95505142211914	down	TH50_5280_S01	Sample 3	1
COX6C	7.81755930685	7.86734819412231	down	TH50_5280_S01	Sample 3	2
CTB-63M22.1	1	1.26322686672211	down	TH50_5280_S01	Sample 3	1
CTC-564N23.2	0	0.136643931269646	down	TH50_5280_S01	Sample 3	6
CTD-2192J16.15	1.56559717585	1.89505475759506	down	TH50_5280_S01	Sample 3	1
EEF1B2	7.71843012855	7.87876200675964	down	TH50_5280_S01	Sample 3	4
EEF1B2P3	1.23266075679	1.46157702803612	down	TH50_5280_S01	Sample 3	2
EEF1G	9.50466011364	9.6374899148941	down	TH50_5280_S01	Sample 3	1
FABP5P7	1.44360665148	2.27714458107948	down	TH50_5280_S01	Sample 3	6
FAM166B	1.93357263826	2.91751080751419	down	TH50_5280_S01	Sample 3	1
FAU	7.82444965136	7.90837073326111	down	TH50_5280_S01	Sample 3	1
FHL3	7.33993905539	7.68845450878143	down	TH50_5280_S01	Sample 3	1
GADD45GIP1	4.02945288579	4.11067616939545	down	TH50_5280_S01	Sample 3	6
GAPDH	11.606072031	11.6645961999893	down	TH50_5280_S01	Sample 3	1
GCSHP5	2.42223300068	3.49782395362854	down	TH50_5280_S01	Sample 3	6
GLTSCR2	6.00495075995	6.09747415781021	down	TH50_5280_S01	Sample 3	1
GMPR	5.90472492839	6.27647620439529	down	TH50_5280_S01	Sample 3	3
HBA1	0	0.860772311687469	down	TH50_5280_S01	Sample 3	2
HBA2	1.33913738492	1.60830336809158	down	TH50_5280_S01	Sample 3	6
HBB	0.722466024471	1.42165213823318	down	TH50_5280_S01	Sample 3	5
HMGB1P5	3.28540221886	3.42195826768875	down	TH50_5280_S01	Sample 3	2
HMGN5	0.495695162624	0.586973294615746	down	TH50_5280_S01	Sample 3	3
HNRNPA2B1	7.72068888533	7.95881187915802	down	TH50_5280_S01	Sample 3	6
HNRNPM	5.03033607837	5.10381555557251	down	TH50_5280_S01	Sample 3	5
HNRNPUL2-BSCL2	0.584962500721	1.63497757911682	down	TH50_5280_S01	Sample 3	5
IGFN1	0.310340120612	0.92762291431427	down	TH50_5280_S01	Sample 3	2
INO80B-WBP1	0	1.21442037820816	down	TH50_5280_S01	Sample 3	6
ISCA1P1	1.6599245584	2.36847543716431	down	TH50_5280_S01	Sample 3	6
MRPL20	5.71534429536	5.90636897087097	down	TH50_5280_S01	Sample 3	6
MRPL52	4.91743175539	4.94794297218323	down	TH50_5280_S01	Sample 3	4
MT-ATP6	11.4944756148	14.3011739253998	down	TH50_5280_S01	Sample 3	6
MT-ATP8	10.8093501287	14.7105716466904	down	TH50_5280_S01	Sample 3	6
MT-CO2	12.1786804106	13.6593023538589	down	TH50_5280_S01	Sample 3	5
MT-CO3	13.5341642487	13.8912327289581	down	TH50_5280_S01	Sample 3	2
MT-CYB	12.1419825716	13.363657951355	down	TH50_5280_S01	Sample 3	5
MT-ND1	11.1766282058	13.1162256002426	down	TH50_5280_S01	Sample 3	6
MT-ND2	10.8480125607	13.1055195331573	down	TH50_5280_S01	Sample 3	6
MT-ND3	12.034400069	12.9562729597092	down	TH50_5280_S01	Sample 3	5
MT-ND4	11.5716910291	13.7378146648407	down	TH50_5280_S01	Sample 3	6
MT-ND4L	12.0088557646	13.0304819345474	down	TH50_5280_S01	Sample 3	5
MT-ND5	10.3071097127	10.5047590732574	down	TH50_5280_S01	Sample 3	1
MT-ND6	10.0962407658	10.5357081890106	down	TH50_5280_S01	Sample 3	3
MT-RNR1	5.98322165074	9.75198471546173	down	TH50_5280_S01	Sample 3	6
MT-RNR2	5.63807383718	11.9540433883667	down	TH50_5280_S01	Sample 3	6
MTATP6P1	8.40892410634	11.2067506313324	down	TH50_5280_S01	Sample 3	6
MTCP1	0.978195629682	2.58595159649849	down	TH50_5280_S01	Sample 3	6
MTND1P23	1.57046293103	2.90109103918076	down	TH50_5280_S01	Sample 3	1
MYBPC2	5.36387192486	5.7482727766037	down	TH50_5280_S01	Sample 3	1
MYH1	4.62468581053	5.06259000301361	down	TH50_5280_S01	Sample 3	1
NARF	4.06695024392	4.18123590946198	down	TH50_5280_S01	Sample 3	3
NDUFAF2	3.56193705962	4.24190670251846	down	TH50_5280_S01	Sample 3	6
NDUFB9	7.91055279343	8.0868114233017	down	TH50_5280_S01	Sample 3	3
NDUFS5	6.65578113825	7.74846255779266	down	TH50_5280_S01	Sample 3	6
OPTN	6.78568131947	6.83415639400482	down	TH50_5280_S01	Sample 3	1
PDAP1	5.71781348972	6.1835116147995	down	TH50_5280_S01	Sample 3	6
PDCD5	5.08406426479	5.5819456577301	down	TH50_5280_S01	Sample 3	6
PFDN2	4.54966917073	4.95587128400803	down	TH50_5280_S01	Sample 3	6
PFKM	7.51908580096	7.68526589870453	down	TH50_5280_S01	Sample 3	1
PGK1	6.52841503928	6.63300108909607	down	TH50_5280_S01	Sample 3	1
PGM1	7.17412673742	7.33915531635284	down	TH50_5280_S01	Sample 3	1
PKDCC	5.1030779466	5.32531541585922	down	TH50_5280_S01	Sample 3	4
PNN	3.24944534109	3.3525927066803	down	TH50_5280_S01	Sample 3	6
POLR2F	4.52669484554	4.5310732126236	down	TH50_5280_S01	Sample 3	2
POLR2J	4.73443866614	5.45097988843918	down	TH50_5280_S01	Sample 3	6
POMT1	3.33771109213	3.36628800630569	down	TH50_5280_S01	Sample 3	5
PRR34-AS1	3.07895134139	3.60167413949966	down	TH50_5280_S01	Sample 3	5
RNA5SP216	0	1.29469537734985	down	TH50_5280_S01	Sample 3	6
SCN1B	6.67341508722	6.70318269729614	down	TH50_5280_S01	Sample 3	1
SH3RF2	1.10433665981	1.17485380172729	down	TH50_5280_S01	Sample 3	2
SHFM1	3.72683121703	5.57123708724976	down	TH50_5280_S01	Sample 3	6
SNHG6	4.86046625852	6.25404191017151	down	TH50_5280_S01	Sample 3	6
SNN	3.47248777146	3.57621598243713	down	TH50_5280_S01	Sample 3	4
SNRPE	3.86393845042	4.04843777418137	down	TH50_5280_S01	Sample 3	5
SNRPEP4	1.46988597627	1.49308085441589	down	TH50_5280_S01	Sample 3	3
SPCS2P4	1.49569516262	1.55860850214958	down	TH50_5280_S01	Sample 3	6
SRP19	3.05311133646	3.91175419092178	down	TH50_5280_S01	Sample 3	6
SSSCA1	4.02768487694	4.21805787086487	down	TH50_5280_S01	Sample 3	6
TBC1D1	3.50334873517	3.82504558563232	down	TH50_5280_S01	Sample 3	2
TNNC2	7.06220807756	10.074162364006	down	TH50_5280_S01	Sample 3	1
TNNI2	6.87848013114	8.6997971534729	down	TH50_5280_S01	Sample 3	1
TNNT3	7.30195339513	9.12247109413147	down	TH50_5280_S01	Sample 3	1
TOMM7	7.44824022522	7.99256181716919	down	TH50_5280_S01	Sample 3	6
TPM1	7.00450139223	7.86695802211761	down	TH50_5280_S01	Sample 3	1
TPT1	12.1279427492	12.2442957162857	down	TH50_5280_S01	Sample 3	1
TRIM52-AS1	3.98732086593	4.20604825019836	down	TH50_5280_S01	Sample 3	2
TRPT1	5.13832300406	5.18775582313538	down	TH50_5280_S01	Sample 3	1
TTN-AS1	6.5505928897	9.88646411895752	down	TH50_5280_S01	Sample 3	6
U2AF1	2.88362081629	3.34787273406982	down	TH50_5280_S01	Sample 3	6
UBXN1	5.21529030565	5.4421865940094	down	TH50_5280_S01	Sample 3	2
UQCRB	7.98834385241	8.0678790807724	down	TH50_5280_S01	Sample 3	1
UQCRHL	1.04963076772	1.18806540966034	down	TH50_5280_S01	Sample 3	6
XXbac-B461K10.4	0.310340120612	0.493330076336861	down	TH50_5280_S01	Sample 3	5
YBX3	9.71776209125	10.2699145078659	down	TH50_5280_S01	Sample 3	1
ZMAT2	4.78398041368	4.88675343990326	down	TH50_5280_S01	Sample 3	6
ZRSR2	1.67807190511	1.9229719042778	down	TH50_5280_S01	Sample 3	5
AARSD1	4.02236781303	4.38023293018341	down	TH50_5281_S01	Sample 4	5
ABCC5	3.40463068422	3.81865274906158	down	TH50_5281_S01	Sample 4	2
AC002398.12	0.895302621333	1.71660083532333	down	TH50_5281_S01	Sample 4	3
AC005062.2	0.367371065649	0.965881854295731	down	TH50_5281_S01	Sample 4	6
AC011737.2	0.641546029088	1.2278054356575	down	TH50_5281_S01	Sample 4	6
AC018766.4	0.0976107966264	0.421236336231232	down	TH50_5281_S01	Sample 4	2
AC068831.15	0	0.514405518770218	down	TH50_5281_S01	Sample 4	1
AC093838.4	1.31614574229	1.39933267235756	down	TH50_5281_S01	Sample 4	3
ACTR3B	1.85199883711	2.10932821035385	down	TH50_5281_S01	Sample 4	2
ADCY6	2.25398926623	2.27862066030502	down	TH50_5281_S01	Sample 4	1
ADM	1.68257329735	1.74201390147209	down	TH50_5281_S01	Sample 4	2
AF127577.10	0	0.120280981063843	down	TH50_5281_S01	Sample 4	6
AGAP6	1.83187724119	2.0180546939373	down	TH50_5281_S01	Sample 4	4
AHSA2	1.92599941856	2.72437185049057	down	TH50_5281_S01	Sample 4	3
AKAP17A	2.6322682155	2.71754175424576	down	TH50_5281_S01	Sample 4	2
AL162151.3	0	0.359001100063324	down	TH50_5281_S01	Sample 4	4
ANAPC2	3.00180224263	3.08149349689484	down	TH50_5281_S01	Sample 4	1
ANKZF1	2.51349074559	2.61166730523109	down	TH50_5281_S01	Sample 4	2
ANP32B	3.6182386556	3.79473775625229	down	TH50_5281_S01	Sample 4	2
AP003419.11	0.97085365434	1.98282274603844	down	TH50_5281_S01	Sample 4	6
APBB3	2.10097764772	2.27214223146439	down	TH50_5281_S01	Sample 4	3
ARFGAP1	2.90110824301	3.28401917219162	down	TH50_5281_S01	Sample 4	2
ARGLU1	4.01703108053	4.4685897231102	down	TH50_5281_S01	Sample 4	4
ARPC3	3.86591881455	3.90992200374603	down	TH50_5281_S01	Sample 4	1
ARPC4-TTLL3	0.62293035092	0.690004020929337	down	TH50_5281_S01	Sample 4	2
ARRB2	1.69599381311	1.69833478331566	down	TH50_5281_S01	Sample 4	1
ASS1	2.8135246893	3.52582859992981	down	TH50_5281_S01	Sample 4	1
ATP1B3	2.60407132367	2.66580280661583	down	TH50_5281_S01	Sample 4	1
ATP5E	4.60644222813	4.63894617557526	down	TH50_5281_S01	Sample 4	5
ATP6V0E1	4.6182386556	4.86961674690247	down	TH50_5281_S01	Sample 4	3
BRK1	4.97819562968	5.23069941997528	down	TH50_5281_S01	Sample 4	2
C17orf89	4.23112515788	4.70038467645645	down	TH50_5281_S01	Sample 4	6
C1orf35	1.20789285164	1.54319328069687	down	TH50_5281_S01	Sample 4	1
C21orf59	2.83390207667	2.97676691412926	down	TH50_5281_S01	Sample 4	1
C7orf55	3.5210507369	3.83342456817627	down	TH50_5281_S01	Sample 4	1
C9orf78	3.82273014794	3.9650810956955	down	TH50_5281_S01	Sample 4	3
CARKD	3.27052894238	3.32286411523819	down	TH50_5281_S01	Sample 4	2
CBWD3	1.75702324651	1.85836511850357	down	TH50_5281_S01	Sample 4	3
CCDC130	2.72900887034	3.121657371521	down	TH50_5281_S01	Sample 4	3
CCDC84	2.59693514239	2.78253147006035	down	TH50_5281_S01	Sample 4	2
CCNL2	3.89141918685	4.57613003253937	down	TH50_5281_S01	Sample 4	4
CCS	2.61117238004	2.68243438005447	down	TH50_5281_S01	Sample 4	1
CDK11A	2.45680614923	2.93702161312103	down	TH50_5281_S01	Sample 4	5
CDK5RAP3	3.41953889151	3.47069185972214	down	TH50_5281_S01	Sample 4	1
CDKN1A	0.773996325111	2.92955374717712	down	TH50_5281_S01	Sample 4	5
CEP131	1.0071955014	1.03935274481773	down	TH50_5281_S01	Sample 4	2
CFAP36	1.57046293103	1.78505992889404	down	TH50_5281_S01	Sample 4	1
CFAP61	0.565597175854	1.79746636748314	down	TH50_5281_S01	Sample 4	4
CFDP1	2.55826763406	2.86242669820786	down	TH50_5281_S01	Sample 4	3
CH507-42P11.8	0.66902676551	0.787744522094727	down	TH50_5281_S01	Sample 4	2
CHKA	1.46988597627	1.91065734624863	down	TH50_5281_S01	Sample 4	2
CHKB	2.58976348698	2.63358584046364	down	TH50_5281_S01	Sample 4	1
CHMP4A	2.08746284125	2.86025813221931	down	TH50_5281_S01	Sample 4	5
CIB1	3.09254574154	3.12729871273041	down	TH50_5281_S01	Sample 4	1
CKB	1.97819562968	2.21110302209854	down	TH50_5281_S01	Sample 4	1
CLASRP	3.44493204894	3.78081464767456	down	TH50_5281_S01	Sample 4	4
CLK4	3.04264433741	3.05677509307861	down	TH50_5281_S01	Sample 4	1
CPNE1	3.82476785314	4.16150116920471	down	TH50_5281_S01	Sample 4	3
CPSF7	3.6599245584	3.80613112449646	down	TH50_5281_S01	Sample 4	2
CRELD2	1.94110631095	2.15154126286507	down	TH50_5281_S01	Sample 4	2
CSAD	1.82374936031	2.33753934502602	down	TH50_5281_S01	Sample 4	3
CSNK2B-LY6G5B-1181	0.124328135002	0.207409545779228	down	TH50_5281_S01	Sample 4	3
CSTB	2.86789646399	2.89360490441322	down	TH50_5281_S01	Sample 4	5
CTB-50L17.14	0.0426443374085	0.567423939704895	down	TH50_5281_S01	Sample 4	1
CTB-79E8.3	0	0.518216550350189	down	TH50_5281_S01	Sample 4	3
CTC-564N23.2	0	0.136643931269646	down	TH50_5281_S01	Sample 4	6
CTD-2263F21.1	0.575312330687	0.821660369634628	down	TH50_5281_S01	Sample 4	2
CTSF	3.72683121703	3.79429548978806	down	TH50_5281_S01	Sample 4	1
CXXC1	2.84999925947	3.07486712932587	down	TH50_5281_S01	Sample 4	3
CXorf40B	2.44890095115	2.57570812106133	down	TH50_5281_S01	Sample 4	1
DDA1	3.50589092973	3.63061255216599	down	TH50_5281_S01	Sample 4	2
DDX24	4.70099449417	4.88962030410767	down	TH50_5281_S01	Sample 4	2
DDX39B	5.88337643667	5.97732281684875	down	TH50_5281_S01	Sample 4	2
DHRS4	2.82374936031	3.21036577224731	down	TH50_5281_S01	Sample 4	1
DIO3OS	1.13093086983	1.16082781553268	down	TH50_5281_S01	Sample 4	2
DPH7	2.2750070475	2.6646586060524	down	TH50_5281_S01	Sample 4	3
DPP7	4.33699741661	4.3694189786911	down	TH50_5281_S01	Sample 4	1
ENTPD6	3.45811948117	3.46718770265579	down	TH50_5281_S01	Sample 4	1
EVA1C	1.62293035092	1.77267119288445	down	TH50_5281_S01	Sample 4	3
EXOSC1	2.45680614923	2.49316954612732	down	TH50_5281_S01	Sample 4	1
EXOSC7	3.24792751344	3.86476838588715	down	TH50_5281_S01	Sample 4	3
FABP5P7	0.963474123975	2.27714458107948	down	TH50_5281_S01	Sample 4	6
FAM127B	2.48284828307	2.74169299006462	down	TH50_5281_S01	Sample 4	2
FAM50A	4.23112515788	4.25234121084213	down	TH50_5281_S01	Sample 4	3
FKBP2	2.26002565596	2.58123514056206	down	TH50_5281_S01	Sample 4	2
FN3KRP	1.57531233069	1.58415767550468	down	TH50_5281_S01	Sample 4	1
FUS	5.71424551767	5.81934785842896	down	TH50_5281_S01	Sample 4	1
GABARAPL1	4.92124588859	5.03778445720673	down	TH50_5281_S01	Sample 4	2
GADD45B	2.11103131239	2.1548884510994	down	TH50_5281_S01	Sample 4	2
GADD45GIP1	3.70154905694	4.11067616939545	down	TH50_5281_S01	Sample 4	6
GBA2	3.94579495674	4.29708397388458	down	TH50_5281_S01	Sample 4	4
GCSHP5	2.40053792958	3.49782395362854	down	TH50_5281_S01	Sample 4	6
GDI1	4.0478873294	4.29442632198334	down	TH50_5281_S01	Sample 4	4
GOLGA6L5P	0.985500430305	1.17692169547081	down	TH50_5281_S01	Sample 4	4
GOLGA8B	1.49569516262	1.75646322965622	down	TH50_5281_S01	Sample 4	3
GPX3	4.97452931248	5.68126446008682	down	TH50_5281_S01	Sample 4	5
GRASP	1.82781902462	1.88351944088936	down	TH50_5281_S01	Sample 4	2
GRINA	4.84699468697	4.94632542133331	down	TH50_5281_S01	Sample 4	4
GRIPAP1	2.59693514239	2.62867936491966	down	TH50_5281_S01	Sample 4	4
GTF2H4	2.35614381023	2.40265253186226	down	TH50_5281_S01	Sample 4	1
GUK1	5.29682445865	5.36759728193283	down	TH50_5281_S01	Sample 4	2
HBA1	0.0426443374085	0.860772311687469	down	TH50_5281_S01	Sample 4	2
HBA2	1.11769504267	1.60830336809158	down	TH50_5281_S01	Sample 4	6
HBB	0	1.42165213823318	down	TH50_5281_S01	Sample 4	5
HCG25	1.42223300068	1.44854059815407	down	TH50_5281_S01	Sample 4	1
HDAC10	2.02147972741	2.13748282194138	down	TH50_5281_S01	Sample 4	3
HDDC2	5.02369891727	5.19863921403885	down	TH50_5281_S01	Sample 4	1
HERC2P2	2.21101219349	2.59890276193619	down	TH50_5281_S01	Sample 4	2
HERC3	3.39369076419	3.70096796751022	down	TH50_5281_S01	Sample 4	4
HINT1	6.39917109382	6.43502283096313	down	TH50_5281_S01	Sample 4	3
HMGN5	0.226508529809	0.586973294615746	down	TH50_5281_S01	Sample 4	3
HNRNPA2B1	7.57122172505	7.95881187915802	down	TH50_5281_S01	Sample 4	6
HNRNPH3	4.49057013045	4.53230679035187	down	TH50_5281_S01	Sample 4	1
HNRNPM	4.61647532878	5.10381555557251	down	TH50_5281_S01	Sample 4	5
HNRNPUL2-BSCL2	1.19534759832	1.63497757911682	down	TH50_5281_S01	Sample 4	5
HSPB6	7.31596466981	7.5422328710556	down	TH50_5281_S01	Sample 4	1
IK	4.37920505996	4.49625223875046	down	TH50_5281_S01	Sample 4	3
ILKAP	3.19534759832	3.43692845106125	down	TH50_5281_S01	Sample 4	3
ING5	1.44890095115	1.55621767044067	down	TH50_5281_S01	Sample 4	1
INO80B-WBP1	0.367371065649	1.21442037820816	down	TH50_5281_S01	Sample 4	6
ISCA1P1	2.32768736418	2.36847543716431	down	TH50_5281_S01	Sample 4	6
ITGA5	2.37851162325	2.43771535158157	down	TH50_5281_S01	Sample 4	1
KAT2A	2.70043971814	3.05884540081024	down	TH50_5281_S01	Sample 4	3
KLF15	2.11436702495	2.33905786275864	down	TH50_5281_S01	Sample 4	1
LAMA5	2.57046293103	2.89640218019485	down	TH50_5281_S01	Sample 4	3
LAMTOR2	4.32912359629	4.3359609246254	down	TH50_5281_S01	Sample 4	1
LAMTOR4	4.82527683005	4.85381782054901	down	TH50_5281_S01	Sample 4	2
LAS1L	2.13093086983	2.39753478765488	down	TH50_5281_S01	Sample 4	3
LCAT	1.55090066465	1.56594860553741	down	TH50_5281_S01	Sample 4	1
LDHB	3.91360751182	4.5458557009697	down	TH50_5281_S01	Sample 4	1
LENG1	1.18269229752	1.39547887444496	down	TH50_5281_S01	Sample 4	1
LENG8	3.42760617278	4.04872095584869	down	TH50_5281_S01	Sample 4	2
LLNLF-173C4.1	0.250961573533	0.432680070400238	down	TH50_5281_S01	Sample 4	1
LUC7L3	4.28021399581	4.93976300954819	down	TH50_5281_S01	Sample 4	4
LY6G5B	1.31034012061	1.34122800827026	down	TH50_5281_S01	Sample 4	4
LYAR	1.6599245584	1.72937685251236	down	TH50_5281_S01	Sample 4	1
MAD2L2	3.16510798514	3.24746376276016	down	TH50_5281_S01	Sample 4	3
MAN2C1	4.46270675067	4.68923956155777	down	TH50_5281_S01	Sample 4	2
MAPK8IP3	2.73768676141	3.06568604707718	down	TH50_5281_S01	Sample 4	3
MFSD10	2.25398926623	2.31126472353935	down	TH50_5281_S01	Sample 4	1
MRFAP1	6.37138461356	6.4520211815834	down	TH50_5281_S01	Sample 4	4
MRPL20	5.56132613645	5.90636897087097	down	TH50_5281_S01	Sample 4	6
MRPL32	3.7355221773	3.93216788768768	down	TH50_5281_S01	Sample 4	2
MRPL33	6.94497554293	6.98584306240082	down	TH50_5281_S01	Sample 4	4
MRPL52	4.79337571126	4.94794297218323	down	TH50_5281_S01	Sample 4	4
MT-ATP6	12.4734216467	14.3011739253998	down	TH50_5281_S01	Sample 4	6
MT-ATP8	11.1705197401	14.7105716466904	down	TH50_5281_S01	Sample 4	6
MT-CO2	13.345398316	13.6593023538589	down	TH50_5281_S01	Sample 4	5
MT-CYB	12.8199754706	13.363657951355	down	TH50_5281_S01	Sample 4	5
MT-ND1	12.1500360106	13.1162256002426	down	TH50_5281_S01	Sample 4	6
MT-ND2	11.9903663771	13.1055195331573	down	TH50_5281_S01	Sample 4	6
MT-ND3	12.2979651625	12.9562729597092	down	TH50_5281_S01	Sample 4	5
MT-ND4	12.4885104901	13.7378146648407	down	TH50_5281_S01	Sample 4	6
MT-ND6	10.3365735047	10.5357081890106	down	TH50_5281_S01	Sample 4	3
MT-RNR1	5.90376136513	9.75198471546173	down	TH50_5281_S01	Sample 4	6
MT-RNR2	5.68116812042	11.9540433883667	down	TH50_5281_S01	Sample 4	6
MT1X	6.22747154636	6.44029021263123	down	TH50_5281_S01	Sample 4	1
MT2A	2.76765479824	3.81354159116745	down	TH50_5281_S01	Sample 4	1
MTATP6P1	8.58477463757	11.2067506313324	down	TH50_5281_S01	Sample 4	6
MTCH1	4.51032901949	4.54825109243393	down	TH50_5281_S01	Sample 4	1
MTCP1	0.555816155062	2.58595159649849	down	TH50_5281_S01	Sample 4	6
MTERF2	1.97819562968	2.40029352903366	down	TH50_5281_S01	Sample 4	2
MYO15B	2.78659636189	2.95660638809204	down	TH50_5281_S01	Sample 4	2
NACA	7.43295940728	7.47406876087189	down	TH50_5281_S01	Sample 4	3
NADSYN1	1.94485844581	2.0107145011425	down	TH50_5281_S01	Sample 4	1
NASP	2.74631276643	3.12612390518188	down	TH50_5281_S01	Sample 4	2
NAT9	2.17312743348	2.19252410531044	down	TH50_5281_S01	Sample 4	2
NBPF15	0.545968369105	0.582310140132904	down	TH50_5281_S01	Sample 4	1
NDST2	1.25701061821	1.62225392460823	down	TH50_5281_S01	Sample 4	2
NDUFAF2	3.12598165385	4.24190670251846	down	TH50_5281_S01	Sample 4	6
NDUFS5	6.73592828428	7.74846255779266	down	TH50_5281_S01	Sample 4	6
NFIL3	1.70487196446	1.91451686620712	down	TH50_5281_S01	Sample 4	2
NISCH	2.76765479824	3.01199024915695	down	TH50_5281_S01	Sample 4	2
NME3	2.7398481027	2.82995468378067	down	TH50_5281_S01	Sample 4	1
NPIPA1	4.19613488077	4.25004506111145	down	TH50_5281_S01	Sample 4	4
NPIPP1	2.89724042557	3.28550291061401	down	TH50_5281_S01	Sample 4	2
NSMF	1.33913738492	1.35510861873627	down	TH50_5281_S01	Sample 4	1
NUDC	4.32624970084	4.41889292001724	down	TH50_5281_S01	Sample 4	2
NXF1	3.32481060342	3.693479180336	down	TH50_5281_S01	Sample 4	3
OSBPL2	2.06004738367	2.09125629067421	down	TH50_5281_S01	Sample 4	1
PAN2	3.00180224263	3.05763173103333	down	TH50_5281_S01	Sample 4	2
PDAP1	6.02103547951	6.1835116147995	down	TH50_5281_S01	Sample 4	6
PDCD5	5.05614996111	5.5819456577301	down	TH50_5281_S01	Sample 4	6
PDLIM1	5.41345868801	5.65848273038864	down	TH50_5281_S01	Sample 4	1
PFDN2	4.21412480535	4.95587128400803	down	TH50_5281_S01	Sample 4	6
PFKFB2	1.06350294231	1.50624269247055	down	TH50_5281_S01	Sample 4	1
PHKG2	1.75274859141	1.75880172848701	down	TH50_5281_S01	Sample 4	1
PLIN5	2.14077865578	3.73538988828659	down	TH50_5281_S01	Sample 4	1
PNISR	4.17472598771	4.44941806793213	down	TH50_5281_S01	Sample 4	1
PNN	2.40326772234	3.3525927066803	down	TH50_5281_S01	Sample 4	6
PNPLA2	5.81506301719	5.85948294401169	down	TH50_5281_S01	Sample 4	3
POLG2	1.52606881167	1.55290171504021	down	TH50_5281_S01	Sample 4	1
POLR2F	4.266036894	4.5310732126236	down	TH50_5281_S01	Sample 4	2
POLR2J	4.91312876782	5.45097988843918	down	TH50_5281_S01	Sample 4	6
POMT1	3.21412480535	3.36628800630569	down	TH50_5281_S01	Sample 4	5
PPP1R12C	3.08065766335	3.3813738822937	down	TH50_5281_S01	Sample 4	2
PPP1R3E	1.54596836911	1.63980504870415	down	TH50_5281_S01	Sample 4	1
PRR34-AS1	3.31469652566	3.60167413949966	down	TH50_5281_S01	Sample 4	5
PTGES3P1	1.3840498068	1.51977103948593	down	TH50_5281_S01	Sample 4	1
PXN-AS1	0.722466024471	0.935188174247742	down	TH50_5281_S01	Sample 4	1
QTRT1	2.6182386556	2.96639269590378	down	TH50_5281_S01	Sample 4	1
RASSF1	2.08406426479	2.61517384648323	down	TH50_5281_S01	Sample 4	3
RBM28	2.60644222813	2.96510329842567	down	TH50_5281_S01	Sample 4	2
RBM6	3.50716034912	3.66922384500504	down	TH50_5281_S01	Sample 4	2
RHOT2	3.67694435911	4.22767472267151	down	TH50_5281_S01	Sample 4	4
RNA5SP216	0	1.29469537734985	down	TH50_5281_S01	Sample 4	6
RSRP1	3.25096157353	3.29902642965317	down	TH50_5281_S01	Sample 4	3
S100A9	0.310340120612	0.837801486253738	down	TH50_5281_S01	Sample 4	2
SAFB	3.59215800213	4.00374799966812	down	TH50_5281_S01	Sample 4	2
SARNP	3.98913900737	4.54013985395432	down	TH50_5281_S01	Sample 4	4
SAT1	2.54596836911	3.18047040700912	down	TH50_5281_S01	Sample 4	3
SDCCAG3	2.54349588343	2.94870460033417	down	TH50_5281_S01	Sample 4	3
SFPQ	4.85947266685	5.06192123889923	down	TH50_5281_S01	Sample 4	3
SH3BGRL3	2.44095219803	2.44196581840515	down	TH50_5281_S01	Sample 4	2
SH3BP5-AS1	1.22650852981	1.65267986059189	down	TH50_5281_S01	Sample 4	2
SHFM1	3.16671544497	5.57123708724976	down	TH50_5281_S01	Sample 4	6
SLC22A5	1.89917563048	1.94596272706985	down	TH50_5281_S01	Sample 4	3
SLCO4A1	0.475084882949	1.40261840820312	down	TH50_5281_S01	Sample 4	4
SLX1B	0.565597175854	0.70135509967804	down	TH50_5281_S01	Sample 4	1
SNHG6	6.04570506451	6.25404191017151	down	TH50_5281_S01	Sample 4	6
SNN	3.53480866123	3.57621598243713	down	TH50_5281_S01	Sample 4	4
SNRNP35	3.63923216325	4.07291668653488	down	TH50_5281_S01	Sample 4	2
SNRNP70	5.31686980506	5.7696025967598	down	TH50_5281_S01	Sample 4	4
SNRPE	3.88752527074	4.04843777418137	down	TH50_5281_S01	Sample 4	5
SNRPF	1.7355221773	2.34266364574432	down	TH50_5281_S01	Sample 4	4
SPCS2P4	0.948600847493	1.55860850214958	down	TH50_5281_S01	Sample 4	6
SRP19	3.01613970266	3.91175419092178	down	TH50_5281_S01	Sample 4	6
SRRM2	6.89421146154	7.1804541349411	down	TH50_5281_S01	Sample 4	3
SRSF11	4.44757919655	4.791339635849	down	TH50_5281_S01	Sample 4	4
SRSF3	4.95233356637	5.00891947746277	down	TH50_5281_S01	Sample 4	2
SRSF5	5.54070926267	6.20713806152344	down	TH50_5281_S01	Sample 4	4
SRSF9	3.37851162325	3.38616454601288	down	TH50_5281_S01	Sample 4	2
SSB	3.65878273401	3.68129825592041	down	TH50_5281_S01	Sample 4	2
SSBP1	4.94345253856	4.953433573246	down	TH50_5281_S01	Sample 4	1
SSSCA1	3.65420637794	4.21805787086487	down	TH50_5281_S01	Sample 4	6
STAG3L5P-PVRIG2P-PILRB	3.06695024392	3.07582837343216	down	TH50_5281_S01	Sample 4	3
STX4	3.3645724323	3.80683356523514	down	TH50_5281_S01	Sample 4	3
TAF1C	2.28983446518	2.58607810735703	down	TH50_5281_S01	Sample 4	2
TAGLN	4.18824265626	4.27035224437714	down	TH50_5281_S01	Sample 4	2
TCEAL3	1.44360665148	1.8787813782692	down	TH50_5281_S01	Sample 4	4
TCEAL4	3.66789212523	4.13967382907867	down	TH50_5281_S01	Sample 4	5
TIMM44	4.64500988439	4.80256152153015	down	TH50_5281_S01	Sample 4	4
TMEM120A	3.42223300068	4.23024046421051	down	TH50_5281_S01	Sample 4	1
TNNT1	9.93618150409	9.97197687625885	down	TH50_5281_S01	Sample 4	1
TOMM7	7.84768378772	7.99256181716919	down	TH50_5281_S01	Sample 4	6
TRIM3	2.35332329116	2.40730330348015	down	TH50_5281_S01	Sample 4	1
TRMU	2.52606881167	2.57410100102425	down	TH50_5281_S01	Sample 4	1
TSR2	3.71259578045	3.78873091936111	down	TH50_5281_S01	Sample 4	2
TST	3.15055967658	3.20559793710709	down	TH50_5281_S01	Sample 4	1
TTN-AS1	6.32373033752	9.88646411895752	down	TH50_5281_S01	Sample 4	6
TUFM	5.93687346182	6.23668891191483	down	TH50_5281_S01	Sample 4	2
U2AF1	2.06695024392	3.34787273406982	down	TH50_5281_S01	Sample 4	6
U2AF1L4	2.85996954822	3.22675108909607	down	TH50_5281_S01	Sample 4	3
UBL5	6.91599885174	6.91627645492554	down	TH50_5281_S01	Sample 4	3
UPF3A	3.20633064787	3.59792333841324	down	TH50_5281_S01	Sample 4	3
UQCRHL	0.565597175854	1.18806540966034	down	TH50_5281_S01	Sample 4	6
USP11	2.85598969731	2.91935852169991	down	TH50_5281_S01	Sample 4	1
USP54	3.54349588343	4.41722667217255	down	TH50_5281_S01	Sample 4	2
UTP6	2.76341157447	2.83889693021774	down	TH50_5281_S01	Sample 4	2
WDR19	0.918386234446	0.921020835638046	down	TH50_5281_S01	Sample 4	1
XXbac-B461K10.4	0.344828496997	0.493330076336861	down	TH50_5281_S01	Sample 4	5
ZFP36	3.74523733213	4.16598117351532	down	TH50_5281_S01	Sample 4	1
ZFYVE27	1.42223300068	1.47889724373817	down	TH50_5281_S01	Sample 4	1
ZMAT2	4.42559357765	4.88675343990326	down	TH50_5281_S01	Sample 4	6
ZNF266	1.74416109557	1.75604233145714	down	TH50_5281_S01	Sample 4	1
ZNF276	1.81557542886	1.89220830798149	down	TH50_5281_S01	Sample 4	1
ZNF783	1.33913738492	1.42891356348991	down	TH50_5281_S01	Sample 4	1
ZRSR2	1.36737106565	1.9229719042778	down	TH50_5281_S01	Sample 4	5
ZSWIM8	3.87184364851	3.90444952249527	down	TH50_5281_S01	Sample 4	2
AARSD1	4.11103131239	4.38023293018341	down	TH50_5282_S01	Sample 5	5
AC004057.1	6.23016457788	6.42637741565704	down	TH50_5282_S01	Sample 5	1
AC005062.2	0.333423733725	0.965881854295731	down	TH50_5282_S01	Sample 5	6
AC006011.4	0	0.872914105653763	down	TH50_5282_S01	Sample 5	1
AC006449.2	2.45154083302	2.46129864454269	down	TH50_5282_S01	Sample 5	1
AC007318.5	1.65535182861	2.03355076909065	down	TH50_5282_S01	Sample 5	4
AC011737.2	1.18269229752	1.2278054356575	down	TH50_5282_S01	Sample 5	6
AF127577.10	0	0.120280981063843	down	TH50_5282_S01	Sample 5	6
AGAP6	1.80322703643	2.0180546939373	down	TH50_5282_S01	Sample 5	4
AL162151.3	0	0.359001100063324	down	TH50_5282_S01	Sample 5	4
AP003419.11	1.94485844581	1.98282274603844	down	TH50_5282_S01	Sample 5	6
APBB3	2	2.27214223146439	down	TH50_5282_S01	Sample 5	3
ARFIP2	2.25701061821	2.32235935330391	down	TH50_5282_S01	Sample 5	1
ARGLU1	4.30451104181	4.4685897231102	down	TH50_5282_S01	Sample 5	4
ATP5E	4.52606881167	4.63894617557526	down	TH50_5282_S01	Sample 5	5
ATP6V0E1	4.70929063572	4.86961674690247	down	TH50_5282_S01	Sample 5	3
C17orf89	3.72355856147	4.70038467645645	down	TH50_5282_S01	Sample 5	6
C1orf162	0.863938450424	0.95105367898941	down	TH50_5282_S01	Sample 5	1
C1orf53	0.17632277264	0.257877334952354	down	TH50_5282_S01	Sample 5	1
C9orf78	3.84096670449	3.9650810956955	down	TH50_5282_S01	Sample 5	3
CCDC124	5.01703108053	5.05176967382431	down	TH50_5282_S01	Sample 5	2
CCDC130	3.1093605594	3.121657371521	down	TH50_5282_S01	Sample 5	3
CCNL2	4.21567859661	4.57613003253937	down	TH50_5282_S01	Sample 5	4
CDK11A	2.75274859141	2.93702161312103	down	TH50_5282_S01	Sample 5	5
CDKN1A	1.0285691522	2.92955374717712	down	TH50_5282_S01	Sample 5	5
CFAP61	0.918386234446	1.79746636748314	down	TH50_5282_S01	Sample 5	4
CFDP1	2.70265754339	2.86242669820786	down	TH50_5282_S01	Sample 5	3
CHMP4A	2.41142624573	2.86025813221931	down	TH50_5282_S01	Sample 5	5
CHMP4B	5.38059093427	5.57473945617676	down	TH50_5282_S01	Sample 5	3
CLASRP	3.69932952567	3.78081464767456	down	TH50_5282_S01	Sample 5	4
CLTB	5.80555042521	6.01624256372452	down	TH50_5282_S01	Sample 5	1
COMMD4	3.07038932789	3.12546873092651	down	TH50_5282_S01	Sample 5	2
COX6C	7.8117278978	7.86734819412231	down	TH50_5282_S01	Sample 5	2
CPSF3L	4.84146999947	4.91487401723862	down	TH50_5282_S01	Sample 5	2
CSNK2B-LY6G5B-1181	0.0703893278914	0.207409545779228	down	TH50_5282_S01	Sample 5	3
CSTB	2.58976348698	2.89360490441322	down	TH50_5282_S01	Sample 5	5
CTC-564N23.2	0	0.136643931269646	down	TH50_5282_S01	Sample 5	6
CTD-2263F21.1	0.367371065649	0.821660369634628	down	TH50_5282_S01	Sample 5	2
DDX39B	5.8999006636	5.97732281684875	down	TH50_5282_S01	Sample 5	2
DIAPH1	3.38681094647	3.7736006975174	down	TH50_5282_S01	Sample 5	1
DNAJC17	1.91456452349	2.03595435619354	down	TH50_5282_S01	Sample 5	1
EEF1B2	7.74960130584	7.87876200675964	down	TH50_5282_S01	Sample 5	4
ENY2	4.33913738492	4.40238004922867	down	TH50_5282_S01	Sample 5	1
EXOSC7	3.34198574723	3.86476838588715	down	TH50_5282_S01	Sample 5	3
FABP5P7	0.62293035092	2.27714458107948	down	TH50_5282_S01	Sample 5	6
GABARAPL1	4.94016675048	5.03778445720673	down	TH50_5282_S01	Sample 5	2
GADD45GIP1	3.9772799235	4.11067616939545	down	TH50_5282_S01	Sample 5	6
GBA2	4.2779847473	4.29708397388458	down	TH50_5282_S01	Sample 5	4
GCSHP5	2.12763327973	3.49782395362854	down	TH50_5282_S01	Sample 5	6
GDI1	4.0232553523	4.29442632198334	down	TH50_5282_S01	Sample 5	4
GMPR	6.18428029442	6.27647620439529	down	TH50_5282_S01	Sample 5	3
GOLGA6L5P	1.03562390973	1.17692169547081	down	TH50_5282_S01	Sample 5	4
GOLGA8A	1.50080205306	1.51465272903442	down	TH50_5282_S01	Sample 5	1
GPX3	5.08193608172	5.68126446008682	down	TH50_5282_S01	Sample 5	5
GRINA	4.8723362881	4.94632542133331	down	TH50_5282_S01	Sample 5	4
GRIPAP1	2.43028527298	2.62867936491966	down	TH50_5282_S01	Sample 5	4
GUK1	5.32660925101	5.36759728193283	down	TH50_5282_S01	Sample 5	2
HBA2	0	1.60830336809158	down	TH50_5282_S01	Sample 5	6
HBB	0.250961573533	1.42165213823318	down	TH50_5282_S01	Sample 5	5
HERC3	3.51979348624	3.70096796751022	down	TH50_5282_S01	Sample 5	4
HINT1	6.33556900556	6.43502283096313	down	TH50_5282_S01	Sample 5	3
HNRNPA2B1	7.62388149001	7.95881187915802	down	TH50_5282_S01	Sample 5	6
HNRNPM	4.94110631095	5.10381555557251	down	TH50_5282_S01	Sample 5	5
HNRNPUL2-BSCL2	1.6182386556	1.63497757911682	down	TH50_5282_S01	Sample 5	5
IAH1	3.85399564718	3.90708589553833	down	TH50_5282_S01	Sample 5	1
IGFN1	0.66902676551	0.92762291431427	down	TH50_5282_S01	Sample 5	2
IK	4.42357817098	4.49625223875046	down	TH50_5282_S01	Sample 5	3
INO80B-WBP1	0.985500430305	1.21442037820816	down	TH50_5282_S01	Sample 5	6
ISCA1P1	2.26002565596	2.36847543716431	down	TH50_5282_S01	Sample 5	6
ISY1-RAB43	0.422233000683	0.453689828515053	down	TH50_5282_S01	Sample 5	1
KIAA0141	4.09845324631	4.45255893468857	down	TH50_5282_S01	Sample 5	3
LAMA5	2.87578006307	2.89640218019485	down	TH50_5282_S01	Sample 5	3
LAS1L	2.3645724323	2.39753478765488	down	TH50_5282_S01	Sample 5	3
LUC7L3	4.32696871159	4.93976300954819	down	TH50_5282_S01	Sample 5	4
LY6G5B	1.33913738492	1.34122800827026	down	TH50_5282_S01	Sample 5	4
MAD2L2	3.16188768238	3.24746376276016	down	TH50_5282_S01	Sample 5	3
MAPK8IP3	3.02502879449	3.06568604707718	down	TH50_5282_S01	Sample 5	3
MEF2BNB-MEF2B	0.855989697308	0.961915969848633	down	TH50_5282_S01	Sample 5	1
MPG	3.78868571061	3.78979331254959	down	TH50_5282_S01	Sample 5	1
MRFAP1	6.38853397909	6.4520211815834	down	TH50_5282_S01	Sample 5	4
MRPL20	5.50811168119	5.90636897087097	down	TH50_5282_S01	Sample 5	6
MRPL32	3.88557436437	3.93216788768768	down	TH50_5282_S01	Sample 5	2
MRPL33	6.85374619701	6.98584306240082	down	TH50_5282_S01	Sample 5	4
MT-ATP6	12.9212477485	14.3011739253998	down	TH50_5282_S01	Sample 5	6
MT-ATP8	11.8460740674	14.7105716466904	down	TH50_5282_S01	Sample 5	6
MT-CO2	13.2369066282	13.6593023538589	down	TH50_5282_S01	Sample 5	5
MT-CYB	13.024443661	13.363657951355	down	TH50_5282_S01	Sample 5	5
MT-ND1	12.3433439701	13.1162256002426	down	TH50_5282_S01	Sample 5	6
MT-ND2	11.9805965967	13.1055195331573	down	TH50_5282_S01	Sample 5	6
MT-ND3	12.8780758262	12.9562729597092	down	TH50_5282_S01	Sample 5	5
MT-ND4	12.9069018666	13.7378146648407	down	TH50_5282_S01	Sample 5	6
MT-ND4L	12.8238369153	13.0304819345474	down	TH50_5282_S01	Sample 5	5
MT-RNR1	6.72832870671	9.75198471546173	down	TH50_5282_S01	Sample 5	6
MT-RNR2	6.26209484537	11.9540433883667	down	TH50_5282_S01	Sample 5	6
MTATP6P1	9.5337969263	11.2067506313324	down	TH50_5282_S01	Sample 5	6
MTCP1	1.23266075679	2.58595159649849	down	TH50_5282_S01	Sample 5	6
NACA	7.44906608536	7.47406876087189	down	TH50_5282_S01	Sample 5	3
NARF	4.12267271882	4.18123590946198	down	TH50_5282_S01	Sample 5	3
NDUFAF2	3.77188557852	4.24190670251846	down	TH50_5282_S01	Sample 5	6
NDUFB9	7.83111719462	8.0868114233017	down	TH50_5282_S01	Sample 5	3
NDUFS5	6.98390566263	7.74846255779266	down	TH50_5282_S01	Sample 5	6
NFIL3	1.81147103053	1.91451686620712	down	TH50_5282_S01	Sample 5	2
NPIPA1	4.07809742303	4.25004506111145	down	TH50_5282_S01	Sample 5	4
NPIPA5	5.18586654531	5.25465369224548	down	TH50_5282_S01	Sample 5	2
NUDT2	1.8196681835	2.00879934430122	down	TH50_5282_S01	Sample 5	1
PDAP1	5.76394266045	6.1835116147995	down	TH50_5282_S01	Sample 5	6
PDCD5	5.01301553584	5.5819456577301	down	TH50_5282_S01	Sample 5	6
PFDN2	4.3476656563	4.95587128400803	down	TH50_5282_S01	Sample 5	6
PI4KAP2	1.7949356628	1.82340186834335	down	TH50_5282_S01	Sample 5	3
PKDCC	5.2735158897	5.32531541585922	down	TH50_5282_S01	Sample 5	4
PNN	2.65535182861	3.3525927066803	down	TH50_5282_S01	Sample 5	6
POLR2J	5.03254169727	5.45097988843918	down	TH50_5282_S01	Sample 5	6
POMT1	3.25247621414	3.36628800630569	down	TH50_5282_S01	Sample 5	5
PRR34-AS1	3.22958792274	3.60167413949966	down	TH50_5282_S01	Sample 5	5
PSMC1P5	2.93168305706	3.78209692239761	down	TH50_5282_S01	Sample 5	2
RAPGEFL1	1.23266075679	1.34015020728111	down	TH50_5282_S01	Sample 5	3
RASSF1	2.56071495447	2.61517384648323	down	TH50_5282_S01	Sample 5	3
RHBDF1	2.71369581484	2.74183619022369	down	TH50_5282_S01	Sample 5	3
RHOT2	3.96809075205	4.22767472267151	down	TH50_5282_S01	Sample 5	4
RNA5SP216	0	1.29469537734985	down	TH50_5282_S01	Sample 5	6
RRP12	2.45680614923	2.64551305770874	down	TH50_5282_S01	Sample 5	1
SARNP	4.18348651446	4.54013985395432	down	TH50_5282_S01	Sample 5	4
SELK	5.264536431	5.32591772079468	down	TH50_5282_S01	Sample 5	1
SFPQ	4.97819562968	5.06192123889923	down	TH50_5282_S01	Sample 5	3
SHFM1	3.2779847473	5.57123708724976	down	TH50_5282_S01	Sample 5	6
SLC22A5	1.78659636189	1.94596272706985	down	TH50_5282_S01	Sample 5	3
SLC2A8	2.75274859141	2.83554524183273	down	TH50_5282_S01	Sample 5	1
SLCO4A1	1.07038932789	1.40261840820312	down	TH50_5282_S01	Sample 5	4
SNAPC5	3.34624777408	3.53805857896805	down	TH50_5282_S01	Sample 5	1
SNHG6	5.47994190148	6.25404191017151	down	TH50_5282_S01	Sample 5	6
SNN	3.19219416528	3.57621598243713	down	TH50_5282_S01	Sample 5	4
SNRNP70	5.65963918702	5.7696025967598	down	TH50_5282_S01	Sample 5	4
SNRPE	3.88655014732	4.04843777418137	down	TH50_5282_S01	Sample 5	5
SNRPEP4	0.871843648509	1.49308085441589	down	TH50_5282_S01	Sample 5	3
SNRPF	2.20789285164	2.34266364574432	down	TH50_5282_S01	Sample 5	4
SPCS2P4	0.565597175854	1.55860850214958	down	TH50_5282_S01	Sample 5	6
SRP19	2.43562859405	3.91175419092178	down	TH50_5282_S01	Sample 5	6
SRSF11	4.67525138605	4.791339635849	down	TH50_5282_S01	Sample 5	4
SRSF5	5.85847839042	6.20713806152344	down	TH50_5282_S01	Sample 5	4
SSSCA1	4.00539998774	4.21805787086487	down	TH50_5282_S01	Sample 5	6
STRADA	2.18269229752	2.19565254449844	down	TH50_5282_S01	Sample 5	1
STX4	3.80632405739	3.80683356523514	down	TH50_5282_S01	Sample 5	3
TCEAL3	1.5993177937	1.8787813782692	down	TH50_5282_S01	Sample 5	4
TCEAL4	3.93922657773	4.13967382907867	down	TH50_5282_S01	Sample 5	5
TIMM44	4.68706068834	4.80256152153015	down	TH50_5282_S01	Sample 5	4
TMEM18	2.48284828307	2.58819654583931	down	TH50_5282_S01	Sample 5	3
TMEM265	0.378511623254	0.927516639232635	down	TH50_5282_S01	Sample 5	4
TOMM7	7.35049724708	7.99256181716919	down	TH50_5282_S01	Sample 5	6
TRIM52-AS1	3.99548451888	4.20604825019836	down	TH50_5282_S01	Sample 5	2
TSR2	3.68818035859	3.78873091936111	down	TH50_5282_S01	Sample 5	2
TTN-AS1	6.51554215808	9.88646411895752	down	TH50_5282_S01	Sample 5	6
TXNDC11	3.07382023329	3.22514915466309	down	TH50_5282_S01	Sample 5	2
U2AF1	2.40326772234	3.34787273406982	down	TH50_5282_S01	Sample 5	6
UBL5	6.80387279762	6.91627645492554	down	TH50_5282_S01	Sample 5	3
UBL7	4.40667271576	4.62845987081528	down	TH50_5282_S01	Sample 5	1
UBXN1	5.30524096595	5.4421865940094	down	TH50_5282_S01	Sample 5	2
UPP1	1.72246602447	1.78958508372307	down	TH50_5282_S01	Sample 5	3
UQCRHL	0.815575428863	1.18806540966034	down	TH50_5282_S01	Sample 5	6
XXbac-B461K10.4	0.411426245726	0.493330076336861	down	TH50_5282_S01	Sample 5	5
ZMAT2	4.60999129521	4.88675343990326	down	TH50_5282_S01	Sample 5	6
ZRSR2	1.81147103053	1.9229719042778	down	TH50_5282_S01	Sample 5	5
AARSD1	4.03474394932	4.38023293018341	down	TH50_5283_S01	Sample 6	5
AC005062.2	0.475084882949	0.965881854295731	down	TH50_5283_S01	Sample 6	6
AC007318.5	1.65076455912	2.03355076909065	down	TH50_5283_S01	Sample 6	4
AC011737.2	0.831877241192	1.2278054356575	down	TH50_5283_S01	Sample 6	6
AC016739.2	1.95605665241	2.07443207502365	down	TH50_5283_S01	Sample 6	3
AC093838.4	1.29865831556	1.39933267235756	down	TH50_5283_S01	Sample 6	3
ACAP3	2.81557542886	2.83940094709396	down	TH50_5283_S01	Sample 6	2
AF127577.10	0	0.120280981063843	down	TH50_5283_S01	Sample 6	6
AGAP6	1.29865831556	2.0180546939373	down	TH50_5283_S01	Sample 6	4
AHSA2	2.5993177937	2.72437185049057	down	TH50_5283_S01	Sample 6	3
AP003419.11	0	1.98282274603844	down	TH50_5283_S01	Sample 6	6
ARGLU1	4.26753579807	4.4685897231102	down	TH50_5283_S01	Sample 6	4
ARL16	2.44890095115	2.78538545966148	down	TH50_5283_S01	Sample 6	1
ARNTL	0.956056652412	1.62237599492073	down	TH50_5283_S01	Sample 6	1
ATP5E	4.44559429134	4.63894617557526	down	TH50_5283_S01	Sample 6	5
ATP6V0B	4.35543919725	4.42342633008957	down	TH50_5283_S01	Sample 6	1
C17orf89	4.10517519227	4.70038467645645	down	TH50_5283_S01	Sample 6	6
CCNL2	4.11686375769	4.57613003253937	down	TH50_5283_S01	Sample 6	4
CDK11A	2.3812833725	2.93702161312103	down	TH50_5283_S01	Sample 6	5
CDKN1A	1.65535182861	2.92955374717712	down	TH50_5283_S01	Sample 6	5
CFAP61	1.07724299893	1.79746636748314	down	TH50_5283_S01	Sample 6	4
CHMP4A	2.84599177066	2.86025813221931	down	TH50_5283_S01	Sample 6	5
CHMP4B	5.52857131887	5.57473945617676	down	TH50_5283_S01	Sample 6	3
CLASRP	3.57531233069	3.78081464767456	down	TH50_5283_S01	Sample 6	4
COA5	3.88264304936	4.00222635269165	down	TH50_5283_S01	Sample 6	1
COX17	5.38922261636	5.41125065088272	down	TH50_5283_S01	Sample 6	1
CPNE1	4.04264433741	4.16150116920471	down	TH50_5283_S01	Sample 6	3
CPSF3L	4.90255600534	4.91487401723862	down	TH50_5283_S01	Sample 6	2
CSAD	2.3015876466	2.33753934502602	down	TH50_5283_S01	Sample 6	3
CSTB	2.70708299177	2.89360490441322	down	TH50_5283_S01	Sample 6	5
CTB-79E8.3	0	0.518216550350189	down	TH50_5283_S01	Sample 6	3
CTC-564N23.2	0	0.136643931269646	down	TH50_5283_S01	Sample 6	6
CTD-2007L18.5	0	0.0297262668609619	down	TH50_5283_S01	Sample 6	1
CXXC1	2.90689059561	3.07486712932587	down	TH50_5283_S01	Sample 6	3
DGAT1	3.84799690655	3.90322124958038	down	TH50_5283_S01	Sample 6	2
DNAJC7	4.84498815668	4.8487337231636	down	TH50_5283_S01	Sample 6	1
DPH7	2.45154083302	2.6646586060524	down	TH50_5283_S01	Sample 6	3
EEF1B2	7.72567300037	7.87876200675964	down	TH50_5283_S01	Sample 6	4
EEF1B2P3	1.15055967658	1.46157702803612	down	TH50_5283_S01	Sample 6	2
EEF1D	7.92005505481	7.92197787761688	down	TH50_5283_S01	Sample 6	1
EVA1C	1.72683121703	1.77267119288445	down	TH50_5283_S01	Sample 6	3
EXOSC7	3.54101915313	3.86476838588715	down	TH50_5283_S01	Sample 6	3
FABP5P7	1.56071495447	2.27714458107948	down	TH50_5283_S01	Sample 6	6
FAM156B	0.495695162624	0.501093477010727	down	TH50_5283_S01	Sample 6	1
FAM50A	4.12928301694	4.25234121084213	down	TH50_5283_S01	Sample 6	3
FBXO6	1.72683121703	2.07174548506737	down	TH50_5283_S01	Sample 6	1
GADD45B	2.05311133646	2.1548884510994	down	TH50_5283_S01	Sample 6	2
GADD45GIP1	4.08576455378	4.11067616939545	down	TH50_5283_S01	Sample 6	6
GBA2	4.11270013275	4.29708397388458	down	TH50_5283_S01	Sample 6	4
GCSHP5	2.44890095115	3.49782395362854	down	TH50_5283_S01	Sample 6	6
GDI1	4.26753579807	4.29442632198334	down	TH50_5283_S01	Sample 6	4
GMPR	6.13216552548	6.27647620439529	down	TH50_5283_S01	Sample 6	3
GOLGA6L5P	0.641546029088	1.17692169547081	down	TH50_5283_S01	Sample 6	4
GOLGA8B	1.56559717585	1.75646322965622	down	TH50_5283_S01	Sample 6	3
GPX3	4.53915881111	5.68126446008682	down	TH50_5283_S01	Sample 6	5
GRINA	4.94110631095	4.94632542133331	down	TH50_5283_S01	Sample 6	4
GRIPAP1	2.61353165292	2.62867936491966	down	TH50_5283_S01	Sample 6	4
HBA2	0.50589092973	1.60830336809158	down	TH50_5283_S01	Sample 6	6
HBB	0.389566811763	1.42165213823318	down	TH50_5283_S01	Sample 6	5
HDAC10	1.70043971814	2.13748282194138	down	TH50_5283_S01	Sample 6	3
HERC2P2	2.07724299893	2.59890276193619	down	TH50_5283_S01	Sample 6	2
HERC3	3.65764000521	3.70096796751022	down	TH50_5283_S01	Sample 6	4
HINT1	6.15643706845	6.43502283096313	down	TH50_5283_S01	Sample 6	3
HNRNPA2B1	7.39480564227	7.95881187915802	down	TH50_5283_S01	Sample 6	6
HNRNPM	4.71314590249	5.10381555557251	down	TH50_5283_S01	Sample 6	5
HNRNPU-AS1	1.7355221773	2.08688712120056	down	TH50_5283_S01	Sample 6	2
HNRNPUL2-BSCL2	1.0071955014	1.63497757911682	down	TH50_5283_S01	Sample 6	5
HOXC8	1.67355642399	1.92787650227547	down	TH50_5283_S01	Sample 6	2
HOXC9	2.9836776947	3.06238037347794	down	TH50_5283_S01	Sample 6	2
IL17RC	2.62293035092	2.72831058502197	down	TH50_5283_S01	Sample 6	1
ILKAP	3.37851162325	3.43692845106125	down	TH50_5283_S01	Sample 6	3
INO80B-WBP1	0	1.21442037820816	down	TH50_5283_S01	Sample 6	6
ISCA1P1	1.40053792958	2.36847543716431	down	TH50_5283_S01	Sample 6	6
KAT2A	2.8052924556	3.05884540081024	down	TH50_5283_S01	Sample 6	3
KIAA0141	4.16832111574	4.45255893468857	down	TH50_5283_S01	Sample 6	3
LGI4	2.08065766335	2.12430265545845	down	TH50_5283_S01	Sample 6	2
LINC01089	1.84799690655	1.86969742178917	down	TH50_5283_S01	Sample 6	1
LUC7L3	4.13504228623	4.93976300954819	down	TH50_5283_S01	Sample 6	4
LY6G5B	1.23878685959	1.34122800827026	down	TH50_5283_S01	Sample 6	4
MGST1	0.516015147004	0.745299339294434	down	TH50_5283_S01	Sample 6	2
MRFAP1	6.4419481905	6.4520211815834	down	TH50_5283_S01	Sample 6	4
MRPL20	5.49377540846	5.90636897087097	down	TH50_5283_S01	Sample 6	6
MRPL33	6.73755157001	6.98584306240082	down	TH50_5283_S01	Sample 6	4
MT-ATP6	13.6469467816	14.3011739253998	down	TH50_5283_S01	Sample 6	6
MT-ATP8	12.7843935584	14.7105716466904	down	TH50_5283_S01	Sample 6	6
MT-ND1	13.0243622775	13.1162256002426	down	TH50_5283_S01	Sample 6	6
MT-ND2	12.5792593602	13.1055195331573	down	TH50_5283_S01	Sample 6	6
MT-ND4	13.6883300923	13.7378146648407	down	TH50_5283_S01	Sample 6	6
MT-ND4L	12.9444338891	13.0304819345474	down	TH50_5283_S01	Sample 6	5
MT-RNR1	6.46890909211	9.75198471546173	down	TH50_5283_S01	Sample 6	6
MT-RNR2	6.03342300154	11.9540433883667	down	TH50_5283_S01	Sample 6	6
MTATP6P1	9.98675222651	11.2067506313324	down	TH50_5283_S01	Sample 6	6
MTCP1	1.90689059561	2.58595159649849	down	TH50_5283_S01	Sample 6	6
MTERF2	2.13750352375	2.40029352903366	down	TH50_5283_S01	Sample 6	2
MTERF4	3.87578006307	3.91401183605194	down	TH50_5283_S01	Sample 6	1
NDUFAF2	4.05918219921	4.24190670251846	down	TH50_5283_S01	Sample 6	6
NDUFB9	8.0861893131	8.0868114233017	down	TH50_5283_S01	Sample 6	3
NDUFS5	6.96324290432	7.74846255779266	down	TH50_5283_S01	Sample 6	6
NMRK1	2.55336050334	2.58591666817665	down	TH50_5283_S01	Sample 6	1
NOL3	5.01212167271	5.07941716909409	down	TH50_5283_S01	Sample 6	1
NPIPA1	3.89044669268	4.25004506111145	down	TH50_5283_S01	Sample 6	4
NR1D1	2.22032995488	2.60614091157913	down	TH50_5283_S01	Sample 6	1
NXF1	3.54101915313	3.693479180336	down	TH50_5283_S01	Sample 6	3
PARK7	7.3274179114	7.36887401342392	down	TH50_5283_S01	Sample 6	1
PDAP1	5.94976835993	6.1835116147995	down	TH50_5283_S01	Sample 6	6
PDCD5	4.96486066425	5.5819456577301	down	TH50_5283_S01	Sample 6	6
PER1	5.10223819393	5.44608247280121	down	TH50_5283_S01	Sample 6	1
PFDN2	4.516015147	4.95587128400803	down	TH50_5283_S01	Sample 6	6
PI4KAP2	1.47508488295	1.82340186834335	down	TH50_5283_S01	Sample 6	3
PIDD1	1.69153416492	1.88563871383667	down	TH50_5283_S01	Sample 6	2
PILRB	1.93357263826	2.09911319613457	down	TH50_5283_S01	Sample 6	1
PKDCC	3.99638874645	5.32531541585922	down	TH50_5283_S01	Sample 6	4
PNN	2.9126498649	3.3525927066803	down	TH50_5283_S01	Sample 6	6
PNPLA2	5.66817586897	5.85948294401169	down	TH50_5283_S01	Sample 6	3
POLR2J	5.01122725542	5.45097988843918	down	TH50_5283_S01	Sample 6	6
POLR3GL	4.14241343787	4.19243264198303	down	TH50_5283_S01	Sample 6	1
POMT1	2.96716860753	3.36628800630569	down	TH50_5283_S01	Sample 6	5
PRR34-AS1	3.32048467802	3.60167413949966	down	TH50_5283_S01	Sample 6	5
PTGES2	5.47151264805	5.5974126458168	down	TH50_5283_S01	Sample 6	1
PTGES3L-AARSD1	0.400537929584	0.403584122657776	down	TH50_5283_S01	Sample 6	1
RAPGEFL1	0.948600847493	1.34015020728111	down	TH50_5283_S01	Sample 6	3
RHBDF1	2.61588707392	2.74183619022369	down	TH50_5283_S01	Sample 6	3
RHOT2	4.04614178164	4.22767472267151	down	TH50_5283_S01	Sample 6	4
RNA5SP216	0	1.29469537734985	down	TH50_5283_S01	Sample 6	6
RSRC2	4.16108148228	4.26613706350327	down	TH50_5283_S01	Sample 6	2
RSRP1	3.1937717434	3.29902642965317	down	TH50_5283_S01	Sample 6	3
SARNP	4.46074256379	4.54013985395432	down	TH50_5283_S01	Sample 6	4
SAT1	2.93545974781	3.18047040700912	down	TH50_5283_S01	Sample 6	3
SDCCAG3	2.81557542886	2.94870460033417	down	TH50_5283_S01	Sample 6	3
SH3RF2	1.16992500144	1.17485380172729	down	TH50_5283_S01	Sample 6	2
SHFM1	3.64038956005	5.57123708724976	down	TH50_5283_S01	Sample 6	6
SIVA1	4.95745033635	5.09852522611618	down	TH50_5283_S01	Sample 6	1
SLC22A5	1.93357263826	1.94596272706985	down	TH50_5283_S01	Sample 6	3
SLC5A6	1.65535182861	1.74294370412827	down	TH50_5283_S01	Sample 6	1
SLCO4A1	0.790772037862	1.40261840820312	down	TH50_5283_S01	Sample 6	4
SNHG19	2.67355642399	3.04878813028336	down	TH50_5283_S01	Sample 6	1
SNHG6	5.07124781946	6.25404191017151	down	TH50_5283_S01	Sample 6	6
SNRNP70	5.49057013045	5.7696025967598	down	TH50_5283_S01	Sample 6	4
SNRPEP4	1.03562390973	1.49308085441589	down	TH50_5283_S01	Sample 6	3
SNRPF	2.23878685959	2.34266364574432	down	TH50_5283_S01	Sample 6	4
SPCS2P4	1.11103131239	1.55860850214958	down	TH50_5283_S01	Sample 6	6
SPR	2.37016428054	2.73627462983131	down	TH50_5283_S01	Sample 6	1
SRP19	3.464668267	3.91175419092178	down	TH50_5283_S01	Sample 6	6
SRRM2	6.91587937884	7.1804541349411	down	TH50_5283_S01	Sample 6	3
SRSF11	4.53044535469	4.791339635849	down	TH50_5283_S01	Sample 6	4
SRSF5	5.87528859822	6.20713806152344	down	TH50_5283_S01	Sample 6	4
SSSCA1	4.08151006812	4.21805787086487	down	TH50_5283_S01	Sample 6	6
STAG3L5P-PVRIG2P-PILRB	2.7355221773	3.07582837343216	down	TH50_5283_S01	Sample 6	3
STARD10	4.37503943135	4.51292139291763	down	TH50_5283_S01	Sample 6	1
STX4	3.80115865609	3.80683356523514	down	TH50_5283_S01	Sample 6	3
TBC1D1	3.51475349844	3.82504558563232	down	TH50_5283_S01	Sample 6	2
TCEAL4	4.06350294231	4.13967382907867	down	TH50_5283_S01	Sample 6	5
TIMM44	4.60110220338	4.80256152153015	down	TH50_5283_S01	Sample 6	4
TMA7	6.38543103719	6.40140187740326	down	TH50_5283_S01	Sample 6	1
TMEM265	0.495695162624	0.927516639232635	down	TH50_5283_S01	Sample 6	4
TOMM7	7.68762063208	7.99256181716919	down	TH50_5283_S01	Sample 6	6
TRIM54	6.82667559139	7.046277821064	down	TH50_5283_S01	Sample 6	1
TSPYL2	2.38956681176	2.69625061750412	down	TH50_5283_S01	Sample 6	3
TTN-AS1	5.91360751182	9.88646411895752	down	TH50_5283_S01	Sample 6	6
TUFM	6.1497471195	6.23668891191483	down	TH50_5283_S01	Sample 6	2
U2AF1	2.90496571868	3.34787273406982	down	TH50_5283_S01	Sample 6	6
U2AF1L4	3.10097764772	3.22675108909607	down	TH50_5283_S01	Sample 6	3
UPF3A	3.54720302476	3.59792333841324	down	TH50_5283_S01	Sample 6	3
UPP1	1.42760617278	1.78958508372307	down	TH50_5283_S01	Sample 6	3
UQCRHL	0.903038270113	1.18806540966034	down	TH50_5283_S01	Sample 6	6
WBSCR22	4.59155974583	4.73207801580429	down	TH50_5283_S01	Sample 6	1
XXbac-B461K10.4	0.475084882949	0.493330076336861	down	TH50_5283_S01	Sample 6	5
ZMAT2	4.69766263347	4.88675343990326	down	TH50_5283_S01	Sample 6	6
ZNF692	2.06695024392	2.42812803387642	down	TH50_5283_S01	Sample 6	1
ZRSR2	1.80735492206	1.9229719042778	down	TH50_5283_S01	Sample 6	5
ZSWIM8	3.72355856147	3.90444952249527	down	TH50_5283_S01	Sample 6	2
